subject,session,parcellation,simplex,task_configuration,zscore_scope,feature_removal_criterion,dim_reduction_type,mapper_auto_tune,mapper_metric,mapper_param_nums_k,mapper_param_res_vals,mapper_param_gain_vals,mapper_param_nums_bin_cluster,mapper_stat_modularity,mapper_num_nodes,mapper_num_edges,pca_num_features,pca_explained_variance,timestamp
102109,LR,schaefer100x7,triangle,rest_5min_and_tasks,each_task,rest_and_all_tasks,pca_fixed_components,1,correlation,48,10,50,10,0.186930773391022,134,1720,50,1,03-Apr-2026 17:57:23
100408,LR,schaefer100x7,triangle,rest_5min_and_tasks,each_task,rest_and_all_tasks,pca_fixed_components,1,correlation,48,10,50,10,0.0930444436663691,119,1434,50,1,03-Apr-2026 17:57:29
102513,LR,schaefer100x7,triangle,rest_5min_and_tasks,each_task,rest_and_all_tasks,pca_fixed_components,1,correlation,48,10,50,10,0.0762129364902286,103,1317,50,1,03-Apr-2026 17:57:32
102008,LR,schaefer100x7,triangle,rest_5min_and_tasks,each_task,rest_and_all_tasks,pca_fixed_components,1,correlation,47,10,50,10,0.114725228934549,112,1309,50,0.999999999999999,03-Apr-2026 17:57:46
101915,LR,schaefer100x7,triangle,rest_5min_and_tasks,each_task,rest_and_all_tasks,pca_fixed_components,1,correlation,48,11,50,10,0.107829116237696,126,1589,50,1,03-Apr-2026 17:58:04
102614,LR,schaefer100x7,triangle,rest_5min_and_tasks,each_task,rest_and_all_tasks,pca_fixed_components,1,correlation,48,11,50,10,0.143217175646603,118,1566,50,0.999999999999998,03-Apr-2026 17:58:25
103212,LR,schaefer100x7,triangle,rest_5min_and_tasks,each_task,rest_and_all_tasks,pca_fixed_components,1,correlation,48,11,50,10,0.0874876656689676,131,1727,50,0.999999999999999,03-Apr-2026 17:58:36
102311,LR,schaefer100x7,triangle,rest_5min_and_tasks,each_task,rest_and_all_tasks,pca_fixed_components,1,correlation,48,11,50,10,0.067109142099822,149,1981,50,1,03-Apr-2026 17:58:58
101006,LR,schaefer100x7,triangle,rest_5min_and_tasks,each_task,rest_and_all_tasks,pca_fixed_components,1,correlation,48,10,50,10,0.0826062142190057,106,1346,50,1,03-Apr-2026 17:59:41
101107,LR,schaefer100x7,triangle,rest_5min_and_tasks,each_task,rest_and_all_tasks,pca_fixed_components,1,correlation,47,11,50,10,0.0805483217592593,130,1440,50,1,03-Apr-2026 17:59:44
100206,LR,schaefer100x7,triangle,rest_5min_and_tasks,each_task,rest_and_all_tasks,pca_fixed_components,1,correlation,48,12,50,10,0.0692602389174265,152,2068,50,1,03-Apr-2026 17:59:56
102816,LR,schaefer100x7,triangle,rest_5min_and_tasks,each_task,rest_and_all_tasks,pca_fixed_components,1,correlation,47,11,50,10,0.163080399338374,123,1472,50,1,03-Apr-2026 18:00:01
103818,LR,schaefer100x7,triangle,rest_5min_and_tasks,each_task,rest_and_all_tasks,pca_fixed_components,1,correlation,48,10,50,10,0.0639082758281564,104,1235,50,0.999999999999998,03-Apr-2026 18:00:17
104416,LR,schaefer100x7,triangle,rest_5min_and_tasks,each_task,rest_and_all_tasks,pca_fixed_components,1,correlation,48,12,50,10,0.193765026032348,124,1511,50,1,03-Apr-2026 18:01:43
101309,LR,schaefer100x7,triangle,rest_5min_and_tasks,each_task,rest_and_all_tasks,pca_fixed_components,1,correlation,48,13,50,10,0.101110252991675,186,2480,50,0.999999999999999,03-Apr-2026 18:02:17
105014,LR,schaefer100x7,triangle,rest_5min_and_tasks,each_task,rest_and_all_tasks,pca_fixed_components,1,correlation,48,12,50,10,0.102308860065593,130,1844,50,1,03-Apr-2026 18:07:17
105115,LR,schaefer100x7,triangle,rest_5min_and_tasks,each_task,rest_and_all_tasks,pca_fixed_components,1,correlation,48,10,50,10,0.107647269600434,125,1497,50,1,03-Apr-2026 18:07:23
103111,LR,schaefer100x7,triangle,rest_5min_and_tasks,each_task,rest_and_all_tasks,pca_fixed_components,1,correlation,48,61,50,10,0.27796532033685,612,12623,50,1,03-Apr-2026 18:07:28
105620,LR,schaefer100x7,triangle,rest_5min_and_tasks,each_task,rest_and_all_tasks,pca_fixed_components,1,correlation,48,11,50,10,0.0993168189410464,113,1324,50,1,03-Apr-2026 18:07:51
105216,LR,schaefer100x7,triangle,rest_5min_and_tasks,each_task,rest_and_all_tasks,pca_fixed_components,1,correlation,48,10,50,10,0.0445826984692061,112,1325,50,0.999999999999999,03-Apr-2026 18:08:37
104012,LR,schaefer100x7,triangle,rest_5min_and_tasks,each_task,rest_and_all_tasks,pca_fixed_components,1,correlation,48,58,50,10,0.172284302064731,542,11661,50,1,03-Apr-2026 18:08:48
100307,LR,schaefer100x7,triangle,rest_5min_and_tasks,each_task,rest_and_all_tasks,pca_fixed_components,1,correlation,48,10,50,10,0.0940329481233436,135,1717,50,1,03-Apr-2026 18:09:37
106016,LR,schaefer100x7,triangle,rest_5min_and_tasks,each_task,rest_and_all_tasks,pca_fixed_components,1,correlation,48,9,50,10,0.107892218584739,97,1045,50,1,03-Apr-2026 18:12:14
105923,LR,schaefer100x7,triangle,rest_5min_and_tasks,each_task,rest_and_all_tasks,pca_fixed_components,1,correlation,48,57,50,10,0.171210080273834,441,7669,50,1,03-Apr-2026 18:12:49
100610,LR,schaefer100x7,triangle,rest_5min_and_tasks,each_task,rest_and_all_tasks,pca_fixed_components,1,correlation,48,10,50,10,0.0524390044228318,114,1398,50,1,03-Apr-2026 18:15:44
103515,LR,schaefer100x7,triangle,rest_5min_and_tasks,each_task,rest_and_all_tasks,pca_fixed_components,1,correlation,47,11,50,10,0.0866606851783008,131,1496,50,1,03-Apr-2026 18:18:26
106824,LR,schaefer100x7,triangle,rest_5min_and_tasks,each_task,rest_and_all_tasks,pca_fixed_components,1,correlation,48,10,50,10,0.0686906851587516,101,1288,50,1,03-Apr-2026 18:21:44
107018,LR,schaefer100x7,triangle,rest_5min_and_tasks,each_task,rest_and_all_tasks,pca_fixed_components,1,correlation,48,11,50,10,0.05632634773367,118,1593,50,1,03-Apr-2026 18:21:44
106521,LR,schaefer100x7,triangle,rest_5min_and_tasks,each_task,rest_and_all_tasks,pca_fixed_components,1,correlation,48,9,50,10,0.170469085093805,96,1263,50,1,03-Apr-2026 18:22:06
107422,LR,schaefer100x7,triangle,rest_5min_and_tasks,each_task,rest_and_all_tasks,pca_fixed_components,1,correlation,48,10,50,10,0.0721721764484784,138,1669,50,1,03-Apr-2026 18:22:40
107321,LR,schaefer100x7,triangle,rest_5min_and_tasks,each_task,rest_and_all_tasks,pca_fixed_components,1,correlation,48,12,50,10,0.168154441372633,128,1519,50,1,03-Apr-2026 18:23:44
107725,LR,schaefer100x7,triangle,rest_5min_and_tasks,each_task,rest_and_all_tasks,pca_fixed_components,1,correlation,47,11,50,10,0.220034595034595,123,1638,50,1,03-Apr-2026 18:23:56
108828,LR,schaefer100x7,triangle,rest_5min_and_tasks,each_task,rest_and_all_tasks,pca_fixed_components,1,correlation,48,10,50,10,0.129003264243974,103,1184,50,1,03-Apr-2026 18:28:26
108121,LR,schaefer100x7,triangle,rest_5min_and_tasks,each_task,rest_and_all_tasks,pca_fixed_components,1,correlation,45,10,50,10,0.022946594201113,93,1066,50,1,03-Apr-2026 18:28:50
111413,LR,schaefer100x7,triangle,rest_5min_and_tasks,each_task,rest_and_all_tasks,pca_fixed_components,1,correlation,48,10,50,10,0.0564753212692464,96,1049,50,1,03-Apr-2026 18:29:03
108323,LR,schaefer100x7,triangle,rest_5min_and_tasks,each_task,rest_and_all_tasks,pca_fixed_components,1,correlation,48,11,50,10,0.126428794789741,152,1861,50,0.999999999999999,03-Apr-2026 18:29:15
110411,LR,schaefer100x7,triangle,rest_5min_and_tasks,each_task,rest_and_all_tasks,pca_fixed_components,1,correlation,48,11,50,10,0.0492849714033916,133,1693,50,0.999999999999999,03-Apr-2026 18:29:17
109123,LR,schaefer100x7,triangle,rest_5min_and_tasks,each_task,rest_and_all_tasks,pca_fixed_components,1,correlation,48,12,50,10,0.0671397248391683,141,1617,50,1,03-Apr-2026 18:29:20
108525,LR,schaefer100x7,triangle,rest_5min_and_tasks,each_task,rest_and_all_tasks,pca_fixed_components,1,correlation,47,12,50,10,0.130045089468944,118,1434,50,1,03-Apr-2026 18:29:44
109325,LR,schaefer100x7,triangle,rest_5min_and_tasks,each_task,rest_and_all_tasks,pca_fixed_components,1,correlation,48,11,50,10,0.0506356309720913,124,1468,50,1,03-Apr-2026 18:29:48
111312,LR,schaefer100x7,triangle,rest_5min_and_tasks,each_task,rest_and_all_tasks,pca_fixed_components,1,correlation,48,10,50,10,0.087632939155365,118,1462,50,0.999999999999998,03-Apr-2026 18:29:51
111211,LR,schaefer100x7,triangle,rest_5min_and_tasks,each_task,rest_and_all_tasks,pca_fixed_components,1,correlation,47,10,50,10,0.157417296256741,83,954,50,1,03-Apr-2026 18:30:07
111009,LR,schaefer100x7,triangle,rest_5min_and_tasks,each_task,rest_and_all_tasks,pca_fixed_components,1,correlation,48,10,50,10,0.172568978992674,123,1614,50,1,03-Apr-2026 18:30:22
109830,LR,schaefer100x7,triangle,rest_5min_and_tasks,each_task,rest_and_all_tasks,pca_fixed_components,1,correlation,48,11,50,10,0.0997802496239148,100,1186,50,1,03-Apr-2026 18:30:31
110007,LR,schaefer100x7,triangle,rest_5min_and_tasks,each_task,rest_and_all_tasks,pca_fixed_components,1,correlation,48,11,50,10,0.0945662685508372,129,1499,50,1,03-Apr-2026 18:30:34
110613,LR,schaefer100x7,triangle,rest_5min_and_tasks,each_task,rest_and_all_tasks,pca_fixed_components,1,correlation,47,11,50,10,0.121519912629438,126,1664,50,1,03-Apr-2026 18:30:45
111716,LR,schaefer100x7,triangle,rest_5min_and_tasks,each_task,rest_and_all_tasks,pca_fixed_components,1,correlation,48,11,50,10,0.0851763632184473,119,1537,50,1,03-Apr-2026 18:32:07
112920,LR,schaefer100x7,triangle,rest_5min_and_tasks,each_task,rest_and_all_tasks,pca_fixed_components,1,correlation,48,10,50,10,0.0789189594237173,96,1102,50,1,03-Apr-2026 18:32:17
112516,LR,schaefer100x7,triangle,rest_5min_and_tasks,each_task,rest_and_all_tasks,pca_fixed_components,1,correlation,48,12,50,10,0.142735136067903,195,2436,50,1,03-Apr-2026 18:32:56
108020,LR,schaefer100x7,triangle,rest_5min_and_tasks,each_task,rest_and_all_tasks,pca_fixed_components,1,correlation,48,56,50,10,0.16559611343376,496,10588,50,1,03-Apr-2026 18:34:15
113215,LR,schaefer100x7,triangle,rest_5min_and_tasks,each_task,rest_and_all_tasks,pca_fixed_components,1,correlation,48,10,50,10,0.190767811447325,91,1052,50,1,03-Apr-2026 18:34:17
114217,LR,schaefer100x7,triangle,rest_5min_and_tasks,each_task,rest_and_all_tasks,pca_fixed_components,1,correlation,48,12,50,10,0.147371757181045,126,1527,50,0.999999999999999,03-Apr-2026 18:35:03
114621,LR,schaefer100x7,triangle,rest_5min_and_tasks,each_task,rest_and_all_tasks,pca_fixed_components,1,correlation,48,11,50,10,0.114743837614535,143,1808,50,0.999999999999999,03-Apr-2026 18:35:14
114419,LR,schaefer100x7,triangle,rest_5min_and_tasks,each_task,rest_and_all_tasks,pca_fixed_components,1,correlation,48,10,50,10,0.0808486612417967,108,1281,50,1,03-Apr-2026 18:35:17
112314,LR,schaefer100x7,triangle,rest_5min_and_tasks,each_task,rest_and_all_tasks,pca_fixed_components,1,correlation,48,20,50,10,0.0886805069549365,184,2308,50,0.999999999999999,03-Apr-2026 18:35:18
114924,LR,schaefer100x7,triangle,rest_5min_and_tasks,each_task,rest_and_all_tasks,pca_fixed_components,1,correlation,46,11,50,10,0.0470908295381836,107,1304,50,1,03-Apr-2026 18:35:33
115017,LR,schaefer100x7,triangle,rest_5min_and_tasks,each_task,rest_and_all_tasks,pca_fixed_components,1,correlation,47,10,50,10,0.0937728821369649,125,1577,50,1,03-Apr-2026 18:35:35
114318,LR,schaefer100x7,triangle,rest_5min_and_tasks,each_task,rest_and_all_tasks,pca_fixed_components,1,correlation,48,10,50,10,0.0579395227229815,92,1118,50,0.999999999999999,03-Apr-2026 18:35:40
114823,LR,schaefer100x7,triangle,rest_5min_and_tasks,each_task,rest_and_all_tasks,pca_fixed_components,1,correlation,48,9,50,10,0.0836060148974894,70,789,50,1,03-Apr-2026 18:35:59
115320,LR,schaefer100x7,triangle,rest_5min_and_tasks,each_task,rest_and_all_tasks,pca_fixed_components,1,correlation,48,12,50,10,0.0941898798785476,125,1553,50,1,03-Apr-2026 18:36:00
115825,LR,schaefer100x7,triangle,rest_5min_and_tasks,each_task,rest_and_all_tasks,pca_fixed_components,1,correlation,48,9,50,10,0.0687585061618949,114,1415,50,0.999999999999999,03-Apr-2026 18:36:24
115219,LR,schaefer100x7,triangle,rest_5min_and_tasks,each_task,rest_and_all_tasks,pca_fixed_components,1,correlation,47,12,50,10,0.0831355041817235,159,2052,50,0.999999999999999,03-Apr-2026 18:36:25
112112,LR,schaefer100x7,triangle,rest_5min_and_tasks,each_task,rest_and_all_tasks,pca_fixed_components,1,correlation,48,65,50,10,0.169270042049319,688,14219,50,1,03-Apr-2026 18:39:53
113316,LR,schaefer100x7,triangle,rest_5min_and_tasks,each_task,rest_and_all_tasks,pca_fixed_components,1,correlation,48,60,50,10,0.201994980552061,602,12449,50,1,03-Apr-2026 18:40:42
117021,LR,schaefer100x7,triangle,rest_5min_and_tasks,each_task,rest_and_all_tasks,pca_fixed_components,1,correlation,48,9,50,10,0.110773204041422,86,1039,50,1,03-Apr-2026 18:41:13
119126,LR,schaefer100x7,triangle,rest_5min_and_tasks,each_task,rest_and_all_tasks,pca_fixed_components,1,correlation,48,10,50,10,0.0975699661297712,121,1414,50,1,03-Apr-2026 18:41:37
119025,LR,schaefer100x7,triangle,rest_5min_and_tasks,each_task,rest_and_all_tasks,pca_fixed_components,1,correlation,48,9,50,10,0.0739218436004568,106,1315,50,0.999999999999999,03-Apr-2026 18:41:48
117324,LR,schaefer100x7,triangle,rest_5min_and_tasks,each_task,rest_and_all_tasks,pca_fixed_components,1,correlation,48,10,50,10,0.0808690469109215,107,1277,50,1,03-Apr-2026 18:42:04
113922,LR,schaefer100x7,triangle,rest_5min_and_tasks,each_task,rest_and_all_tasks,pca_fixed_components,1,correlation,48,60,50,10,0.278389391818586,812,22707,50,0.999999999999999,03-Apr-2026 18:42:05
116524,LR,schaefer100x7,triangle,rest_5min_and_tasks,each_task,rest_and_all_tasks,pca_fixed_components,1,correlation,46,10,50,10,0.0289370972891644,107,1199,50,1,03-Apr-2026 18:42:07
117930,LR,schaefer100x7,triangle,rest_5min_and_tasks,each_task,rest_and_all_tasks,pca_fixed_components,1,correlation,48,10,50,10,0.106143764172336,92,1050,50,1,03-Apr-2026 18:42:09
116726,LR,schaefer100x7,triangle,rest_5min_and_tasks,each_task,rest_and_all_tasks,pca_fixed_components,1,correlation,48,10,50,10,0.123484089473216,100,1241,50,1,03-Apr-2026 18:42:37
117122,LR,schaefer100x7,triangle,rest_5min_and_tasks,each_task,rest_and_all_tasks,pca_fixed_components,1,correlation,48,11,50,10,0.0613908778441087,125,1434,50,1,03-Apr-2026 18:42:39
118932,LR,schaefer100x7,triangle,rest_5min_and_tasks,each_task,rest_and_all_tasks,pca_fixed_components,1,correlation,48,9,50,10,0.0177471578084381,72,878,50,1,03-Apr-2026 18:42:42
120212,LR,schaefer100x7,triangle,rest_5min_and_tasks,each_task,rest_and_all_tasks,pca_fixed_components,1,correlation,48,10,50,10,0.124596468737253,109,1310,50,1,03-Apr-2026 18:43:13
118831,LR,schaefer100x7,triangle,rest_5min_and_tasks,each_task,rest_and_all_tasks,pca_fixed_components,1,correlation,48,10,50,10,0.0922832756632064,103,1275,50,1,03-Apr-2026 18:43:32
118730,LR,schaefer100x7,triangle,rest_5min_and_tasks,each_task,rest_and_all_tasks,pca_fixed_components,1,correlation,48,11,50,10,0.117502195301569,109,1323,50,1,03-Apr-2026 18:43:54
118528,LR,schaefer100x7,triangle,rest_5min_and_tasks,each_task,rest_and_all_tasks,pca_fixed_components,1,correlation,48,15,50,10,0.123148395161995,167,2096,50,1,03-Apr-2026 18:44:12
122620,LR,schaefer100x7,triangle,rest_5min_and_tasks,each_task,rest_and_all_tasks,pca_fixed_components,1,correlation,48,10,50,10,0.105635674151791,127,1564,50,1,03-Apr-2026 18:47:18
121416,LR,schaefer100x7,triangle,rest_5min_and_tasks,each_task,rest_and_all_tasks,pca_fixed_components,1,correlation,48,9,50,10,0.139462996643951,105,1299,50,1,03-Apr-2026 18:47:22
122317,LR,schaefer100x7,triangle,rest_5min_and_tasks,each_task,rest_and_all_tasks,pca_fixed_components,1,correlation,48,10,50,10,0.133488169424846,102,1297,50,1,03-Apr-2026 18:47:24
123521,LR,schaefer100x7,triangle,rest_5min_and_tasks,each_task,rest_and_all_tasks,pca_fixed_components,1,correlation,48,12,50,10,0.0802461067377646,119,1461,50,0.999999999999999,03-Apr-2026 18:47:24
120717,LR,schaefer100x7,triangle,rest_5min_and_tasks,each_task,rest_and_all_tasks,pca_fixed_components,1,correlation,48,9,50,10,0.082042623796509,81,898,50,0.999999999999999,03-Apr-2026 18:47:58
121921,LR,schaefer100x7,triangle,rest_5min_and_tasks,each_task,rest_and_all_tasks,pca_fixed_components,1,correlation,47,10,50,10,0.0782238563569784,92,1067,50,1,03-Apr-2026 18:47:58
123420,LR,schaefer100x7,triangle,rest_5min_and_tasks,each_task,rest_and_all_tasks,pca_fixed_components,1,correlation,47,9,50,10,0.00850018253678513,100,1255,50,1,03-Apr-2026 18:48:02
122822,LR,schaefer100x7,triangle,rest_5min_and_tasks,each_task,rest_and_all_tasks,pca_fixed_components,1,correlation,48,11,50,10,0.0758589163371783,105,1212,50,1,03-Apr-2026 18:48:06
123824,LR,schaefer100x7,triangle,rest_5min_and_tasks,each_task,rest_and_all_tasks,pca_fixed_components,1,correlation,45,10,50,10,0.0879476713606452,109,1269,50,1,03-Apr-2026 18:48:16
120414,LR,schaefer100x7,triangle,rest_5min_and_tasks,each_task,rest_and_all_tasks,pca_fixed_components,1,correlation,48,11,50,10,0.057562057853697,101,1222,50,0.999999999999999,03-Apr-2026 18:48:29
123117,LR,schaefer100x7,triangle,rest_5min_and_tasks,each_task,rest_and_all_tasks,pca_fixed_components,1,correlation,47,13,50,10,0.168896402019883,149,1772,50,1,03-Apr-2026 18:48:35
120515,LR,schaefer100x7,triangle,rest_5min_and_tasks,each_task,rest_and_all_tasks,pca_fixed_components,1,correlation,48,14,50,10,0.146043313738951,205,2814,50,1,03-Apr-2026 18:48:49
123925,LR,schaefer100x7,triangle,rest_5min_and_tasks,each_task,rest_and_all_tasks,pca_fixed_components,1,correlation,48,13,50,10,0.102315873198667,213,2747,50,1,03-Apr-2026 18:48:54
123723,LR,schaefer100x7,triangle,rest_5min_and_tasks,each_task,rest_and_all_tasks,pca_fixed_components,1,correlation,47,12,50,10,0.183920880996266,172,2249,50,1,03-Apr-2026 18:48:54
121618,LR,schaefer100x7,triangle,rest_5min_and_tasks,each_task,rest_and_all_tasks,pca_fixed_components,1,correlation,48,12,50,10,0.119961826243434,109,1326,50,1,03-Apr-2026 18:49:09
124220,LR,schaefer100x7,triangle,rest_5min_and_tasks,each_task,rest_and_all_tasks,pca_fixed_components,1,correlation,43,25,50,10,0.178767934956408,287,3869,50,1,03-Apr-2026 18:49:56
127832,LR,schaefer100x7,triangle,rest_5min_and_tasks,each_task,rest_and_all_tasks,pca_fixed_components,1,correlation,48,10,50,10,0.10265643787363,96,1215,50,0.999999999999999,03-Apr-2026 18:52:44
125222,LR,schaefer100x7,triangle,rest_5min_and_tasks,each_task,rest_and_all_tasks,pca_fixed_components,1,correlation,48,10,50,10,0.026473158676252,106,1247,50,1,03-Apr-2026 18:52:51
127630,LR,schaefer100x7,triangle,rest_5min_and_tasks,each_task,rest_and_all_tasks,pca_fixed_components,1,correlation,48,11,50,10,0.0724338937963538,108,1315,50,1,03-Apr-2026 18:53:09
126426,LR,schaefer100x7,triangle,rest_5min_and_tasks,each_task,rest_and_all_tasks,pca_fixed_components,1,correlation,47,9,50,10,0.0778211141889812,115,1425,50,1,03-Apr-2026 18:53:18
127327,LR,schaefer100x7,triangle,rest_5min_and_tasks,each_task,rest_and_all_tasks,pca_fixed_components,1,correlation,47,10,50,10,0.109479555704442,94,1202,50,0.999999999999999,03-Apr-2026 18:53:19
126325,LR,schaefer100x7,triangle,rest_5min_and_tasks,each_task,rest_and_all_tasks,pca_fixed_components,1,correlation,48,10,50,10,0.0600571587826064,112,1311,50,1,03-Apr-2026 18:53:21
126628,LR,schaefer100x7,triangle,rest_5min_and_tasks,each_task,rest_and_all_tasks,pca_fixed_components,1,correlation,47,14,50,10,0.0958107026499571,173,1992,50,1,03-Apr-2026 18:54:05
125525,LR,schaefer100x7,triangle,rest_5min_and_tasks,each_task,rest_and_all_tasks,pca_fixed_components,1,correlation,48,13,50,10,0.174594745191751,150,1829,50,0.999999999999999,03-Apr-2026 18:54:11
129331,LR,schaefer100x7,triangle,rest_5min_and_tasks,each_task,rest_and_all_tasks,pca_fixed_components,1,correlation,48,11,50,10,0.0301089260550511,136,1534,50,0.999999999999999,03-Apr-2026 18:54:15
128935,LR,schaefer100x7,triangle,rest_5min_and_tasks,each_task,rest_and_all_tasks,pca_fixed_components,1,correlation,47,11,50,10,0.116036423060462,117,1322,50,1,03-Apr-2026 18:54:23
129028,LR,schaefer100x7,triangle,rest_5min_and_tasks,each_task,rest_and_all_tasks,pca_fixed_components,1,correlation,48,11,50,10,0.0967593024090842,140,1618,50,1,03-Apr-2026 18:54:35
128632,LR,schaefer100x7,triangle,rest_5min_and_tasks,each_task,rest_and_all_tasks,pca_fixed_components,1,correlation,48,10,50,10,0.0940793777315585,88,1171,50,1,03-Apr-2026 18:54:44
128127,LR,schaefer100x7,triangle,rest_5min_and_tasks,each_task,rest_and_all_tasks,pca_fixed_components,1,correlation,48,10,50,10,0.0801547615160701,99,1262,50,1,03-Apr-2026 18:55:01
127933,LR,schaefer100x7,triangle,rest_5min_and_tasks,each_task,rest_and_all_tasks,pca_fixed_components,1,correlation,48,12,50,10,0.105643046367445,139,1621,50,1,03-Apr-2026 18:55:03
129634,LR,schaefer100x7,triangle,rest_5min_and_tasks,each_task,rest_and_all_tasks,pca_fixed_components,1,correlation,48,11,50,10,0.0869309065999347,116,1353,50,1,03-Apr-2026 18:55:09
130114,LR,schaefer100x7,triangle,rest_5min_and_tasks,each_task,rest_and_all_tasks,pca_fixed_components,1,correlation,48,9,50,10,0.0998685597371194,100,1270,50,1,03-Apr-2026 18:55:32
130316,LR,schaefer100x7,triangle,rest_5min_and_tasks,each_task,rest_and_all_tasks,pca_fixed_components,1,correlation,47,11,50,10,0.0846176246885378,116,1363,50,0.999999999999999,03-Apr-2026 18:56:14
130619,LR,schaefer100x7,triangle,rest_5min_and_tasks,each_task,rest_and_all_tasks,pca_fixed_components,1,correlation,48,9,50,10,0.0852434164108236,112,1374,50,1,03-Apr-2026 18:58:27
131419,LR,schaefer100x7,triangle,rest_5min_and_tasks,each_task,rest_and_all_tasks,pca_fixed_components,1,correlation,48,11,50,10,0.0970153385017167,147,1872,50,0.999999999999999,03-Apr-2026 18:58:31
131217,LR,schaefer100x7,triangle,rest_5min_and_tasks,each_task,rest_and_all_tasks,pca_fixed_components,1,correlation,48,10,50,10,0.0124507266665439,75,932,50,1,03-Apr-2026 18:58:37
130417,LR,schaefer100x7,triangle,rest_5min_and_tasks,each_task,rest_and_all_tasks,pca_fixed_components,1,correlation,48,9,50,10,0.022925259515571,77,850,50,1,03-Apr-2026 18:58:56
132017,LR,schaefer100x7,triangle,rest_5min_and_tasks,each_task,rest_and_all_tasks,pca_fixed_components,1,correlation,48,10,50,10,0.104471626913492,101,1325,50,1,03-Apr-2026 18:59:07
134223,LR,schaefer100x7,triangle,rest_5min_and_tasks,each_task,rest_and_all_tasks,pca_fixed_components,1,correlation,48,11,50,10,0.119552152176879,92,1113,50,0.999999999999998,03-Apr-2026 18:59:07
134021,LR,schaefer100x7,triangle,rest_5min_and_tasks,each_task,rest_and_all_tasks,pca_fixed_components,1,correlation,48,11,50,10,0.0924470323203147,136,1763,50,1,03-Apr-2026 18:59:12
130518,LR,schaefer100x7,triangle,rest_5min_and_tasks,each_task,rest_and_all_tasks,pca_fixed_components,1,correlation,46,11,50,10,0.114448527333371,117,1330,50,1,03-Apr-2026 18:59:52
133827,LR,schaefer100x7,triangle,rest_5min_and_tasks,each_task,rest_and_all_tasks,pca_fixed_components,1,correlation,48,11,50,10,0.117527852396823,119,1419,50,1,03-Apr-2026 19:00:06
133019,LR,schaefer100x7,triangle,rest_5min_and_tasks,each_task,rest_and_all_tasks,pca_fixed_components,1,correlation,48,10,50,10,0.0999629427002965,103,1308,50,1,03-Apr-2026 19:00:09
131823,LR,schaefer100x7,triangle,rest_5min_and_tasks,each_task,rest_and_all_tasks,pca_fixed_components,1,correlation,48,10,50,10,0.0821310303411593,79,935,50,1,03-Apr-2026 19:00:12
133928,LR,schaefer100x7,triangle,rest_5min_and_tasks,each_task,rest_and_all_tasks,pca_fixed_components,1,correlation,48,16,50,10,0.196406948198638,187,2389,50,1,03-Apr-2026 19:01:23
128026,LR,schaefer100x7,triangle,rest_5min_and_tasks,each_task,rest_and_all_tasks,pca_fixed_components,1,correlation,48,61,50,10,0.206100843127187,576,12168,50,1,03-Apr-2026 19:02:40
136833,LR,schaefer100x7,triangle,rest_5min_and_tasks,each_task,rest_and_all_tasks,pca_fixed_components,1,correlation,48,9,50,10,0.0506412269049632,81,910,50,0.999999999999999,03-Apr-2026 19:05:13
131722,LR,schaefer100x7,triangle,rest_5min_and_tasks,each_task,rest_and_all_tasks,pca_fixed_components,1,correlation,48,59,50,10,0.166725029615432,792,21694,50,0.999999999999999,03-Apr-2026 19:05:13
135124,LR,schaefer100x7,triangle,rest_5min_and_tasks,each_task,rest_and_all_tasks,pca_fixed_components,1,correlation,48,11,50,10,0.0852625291578772,124,1601,50,1,03-Apr-2026 19:05:39
135225,LR,schaefer100x7,triangle,rest_5min_and_tasks,each_task,rest_and_all_tasks,pca_fixed_components,1,correlation,48,11,50,10,0.0604860591715977,124,1625,50,0.999999999999999,03-Apr-2026 19:05:43
135629,LR,schaefer100x7,triangle,rest_5min_and_tasks,each_task,rest_and_all_tasks,pca_fixed_components,1,correlation,48,10,50,10,0.0338872405939473,81,999,50,0.999999999999999,03-Apr-2026 19:05:52
135528,LR,schaefer100x7,triangle,rest_5min_and_tasks,each_task,rest_and_all_tasks,pca_fixed_components,1,correlation,48,12,50,10,0.074324008905487,179,2360,50,1,03-Apr-2026 19:05:57
137229,LR,schaefer100x7,triangle,rest_5min_and_tasks,each_task,rest_and_all_tasks,pca_fixed_components,1,correlation,48,11,50,10,0.126662909618352,128,1645,50,1,03-Apr-2026 19:06:06
137027,LR,schaefer100x7,triangle,rest_5min_and_tasks,each_task,rest_and_all_tasks,pca_fixed_components,1,correlation,48,9,50,10,0.0777409708257525,113,1416,50,1,03-Apr-2026 19:06:07
138130,LR,schaefer100x7,triangle,rest_5min_and_tasks,each_task,rest_and_all_tasks,pca_fixed_components,1,correlation,48,10,50,10,0.0745832018113611,102,1148,50,1,03-Apr-2026 19:06:10
136227,LR,schaefer100x7,triangle,rest_5min_and_tasks,each_task,rest_and_all_tasks,pca_fixed_components,1,correlation,48,13,50,10,0.206697375332285,266,3278,50,1,03-Apr-2026 19:06:25
137532,LR,schaefer100x7,triangle,rest_5min_and_tasks,each_task,rest_and_all_tasks,pca_fixed_components,1,correlation,48,13,50,10,0.113807939756485,157,1924,50,1,03-Apr-2026 19:07:27
130720,LR,schaefer100x7,triangle,rest_5min_and_tasks,each_task,rest_and_all_tasks,pca_fixed_components,1,correlation,48,75,50,10,0.273854693753507,689,11776,50,1,03-Apr-2026 19:08:01
138837,LR,schaefer100x7,triangle,rest_5min_and_tasks,each_task,rest_and_all_tasks,pca_fixed_components,1,correlation,48,10,50,10,0.0548877142338921,104,1301,50,1,03-Apr-2026 19:08:23
138332,LR,schaefer100x7,triangle,rest_5min_and_tasks,each_task,rest_and_all_tasks,pca_fixed_components,1,correlation,48,13,50,10,0.152290389539313,184,2412,50,1,03-Apr-2026 19:09:07
138534,LR,schaefer100x7,triangle,rest_5min_and_tasks,each_task,rest_and_all_tasks,pca_fixed_components,1,correlation,48,10,50,10,0.114605135934862,103,1361,50,1,03-Apr-2026 19:10:06
143224,LR,schaefer100x7,triangle,rest_5min_and_tasks,each_task,rest_and_all_tasks,pca_fixed_components,1,correlation,48,9,50,10,0.145646650077716,97,1233,50,0.999999999999999,03-Apr-2026 19:11:13
140319,LR,schaefer100x7,triangle,rest_5min_and_tasks,each_task,rest_and_all_tasks,pca_fixed_components,1,correlation,47,11,50,10,0.0384155868311737,109,1270,50,0.999999999999999,03-Apr-2026 19:11:16
139839,LR,schaefer100x7,triangle,rest_5min_and_tasks,each_task,rest_and_all_tasks,pca_fixed_components,1,correlation,48,10,50,10,0.0980747255605491,143,1831,50,1,03-Apr-2026 19:11:21
139637,LR,schaefer100x7,triangle,rest_5min_and_tasks,each_task,rest_and_all_tasks,pca_fixed_components,1,correlation,48,10,50,10,0.116387090429281,102,1235,50,1,03-Apr-2026 19:11:22
145632,LR,schaefer100x7,triangle,rest_5min_and_tasks,each_task,rest_and_all_tasks,pca_fixed_components,1,correlation,48,10,50,10,0.0306990710365873,84,1041,50,1,03-Apr-2026 19:11:56
139233,LR,schaefer100x7,triangle,rest_5min_and_tasks,each_task,rest_and_all_tasks,pca_fixed_components,1,correlation,48,11,50,10,0.0550162923620491,107,1254,50,0.999999999999999,03-Apr-2026 19:11:59
139435,LR,schaefer100x7,triangle,rest_5min_and_tasks,each_task,rest_and_all_tasks,pca_fixed_components,1,correlation,48,13,50,10,0.203908537772974,160,1874,50,1,03-Apr-2026 19:12:08
136631,LR,schaefer100x7,triangle,rest_5min_and_tasks,each_task,rest_and_all_tasks,pca_fixed_components,1,correlation,48,62,50,10,0.27602539390742,531,9323,50,1,03-Apr-2026 19:12:21
145127,LR,schaefer100x7,triangle,rest_5min_and_tasks,each_task,rest_and_all_tasks,pca_fixed_components,1,correlation,48,14,50,10,0.184467472413929,256,3285,50,1,03-Apr-2026 19:13:16
134324,LR,schaefer100x7,triangle,rest_5min_and_tasks,each_task,rest_and_all_tasks,pca_fixed_components,1,correlation,47,59,50,10,0.192406352029131,763,22333,50,0.999999999999998,03-Apr-2026 19:14:18
146533,LR,schaefer100x7,triangle,rest_5min_and_tasks,each_task,rest_and_all_tasks,pca_fixed_components,1,correlation,48,9,50,10,0.0231774119644252,84,1032,50,1,03-Apr-2026 19:15:50
148133,LR,schaefer100x7,triangle,rest_5min_and_tasks,each_task,rest_and_all_tasks,pca_fixed_components,1,correlation,48,9,50,10,0.0697774631593187,72,926,50,0.999999999999999,03-Apr-2026 19:16:39
149236,LR,schaefer100x7,triangle,rest_5min_and_tasks,each_task,rest_and_all_tasks,pca_fixed_components,1,correlation,48,10,50,10,0.0902919262016911,108,1309,50,0.999999999999999,03-Apr-2026 19:16:44
146129,LR,schaefer100x7,triangle,rest_5min_and_tasks,each_task,rest_and_all_tasks,pca_fixed_components,1,correlation,48,11,50,10,0.108205589841188,113,1316,50,1,03-Apr-2026 19:16:44
146836,LR,schaefer100x7,triangle,rest_5min_and_tasks,each_task,rest_and_all_tasks,pca_fixed_components,1,correlation,48,10,50,10,0.147675361689599,170,2072,50,1,03-Apr-2026 19:16:44
148840,LR,schaefer100x7,triangle,rest_5min_and_tasks,each_task,rest_and_all_tasks,pca_fixed_components,1,correlation,48,9,50,10,0.0976661470024431,107,1362,50,1,03-Apr-2026 19:16:53
147636,LR,schaefer100x7,triangle,rest_5min_and_tasks,each_task,rest_and_all_tasks,pca_fixed_components,1,correlation,48,15,50,10,0.109575443447914,165,1946,50,1,03-Apr-2026 19:17:20
147737,LR,schaefer100x7,triangle,rest_5min_and_tasks,each_task,rest_and_all_tasks,pca_fixed_components,1,correlation,48,12,50,10,0.116860501779199,126,1490,50,1,03-Apr-2026 19:17:23
149741,LR,schaefer100x7,triangle,rest_5min_and_tasks,each_task,rest_and_all_tasks,pca_fixed_components,1,correlation,47,11,50,10,0.0815541143883882,105,1249,50,0.999999999999999,03-Apr-2026 19:17:23
146937,LR,schaefer100x7,triangle,rest_5min_and_tasks,each_task,rest_and_all_tasks,pca_fixed_components,1,correlation,48,11,50,10,0.137304999757567,140,1753,50,0.999999999999998,03-Apr-2026 19:17:33
149842,LR,schaefer100x7,triangle,rest_5min_and_tasks,each_task,rest_and_all_tasks,pca_fixed_components,1,correlation,48,12,50,10,0.0757040609699877,125,1434,50,1,03-Apr-2026 19:17:57
148941,LR,schaefer100x7,triangle,rest_5min_and_tasks,each_task,rest_and_all_tasks,pca_fixed_components,1,correlation,48,11,50,10,0.0555979284118002,113,1299,50,1,03-Apr-2026 19:18:21
150726,LR,schaefer100x7,triangle,rest_5min_and_tasks,each_task,rest_and_all_tasks,pca_fixed_components,1,correlation,48,9,50,10,0.0885308190893421,75,944,50,0.999999999999999,03-Apr-2026 19:18:21
140925,LR,schaefer100x7,triangle,rest_5min_and_tasks,each_task,rest_and_all_tasks,pca_fixed_components,1,correlation,46,60,50,10,0.211584102754433,535,11719,50,1,03-Apr-2026 19:19:23
150928,LR,schaefer100x7,triangle,rest_5min_and_tasks,each_task,rest_and_all_tasks,pca_fixed_components,1,correlation,47,9,50,10,0.0573906080989724,109,1376,50,0.999999999999999,03-Apr-2026 19:20:15
144832,LR,schaefer100x7,triangle,rest_5min_and_tasks,each_task,rest_and_all_tasks,pca_fixed_components,1,correlation,47,60,50,10,0.168897526095203,515,8943,50,1,03-Apr-2026 19:21:40
151223,LR,schaefer100x7,triangle,rest_5min_and_tasks,each_task,rest_and_all_tasks,pca_fixed_components,1,correlation,47,9,50,10,0.0257514712317049,75,902,50,1,03-Apr-2026 19:21:53
151930,LR,schaefer100x7,triangle,rest_5min_and_tasks,each_task,rest_and_all_tasks,pca_fixed_components,1,correlation,48,10,50,10,0.0326179561036959,79,942,50,0.999999999999999,03-Apr-2026 19:22:06
151728,LR,schaefer100x7,triangle,rest_5min_and_tasks,each_task,rest_and_all_tasks,pca_fixed_components,1,correlation,44,10,50,10,0.0417159352405332,113,1355,50,1,03-Apr-2026 19:22:07
153126,LR,schaefer100x7,triangle,rest_5min_and_tasks,each_task,rest_and_all_tasks,pca_fixed_components,1,correlation,48,10,50,10,0.0830553041415685,141,1790,50,0.999999999999999,03-Apr-2026 19:22:28
151425,LR,schaefer100x7,triangle,rest_5min_and_tasks,each_task,rest_and_all_tasks,pca_fixed_components,1,correlation,48,10,50,10,0.0643568034707293,87,1018,50,1,03-Apr-2026 19:22:30
151627,LR,schaefer100x7,triangle,rest_5min_and_tasks,each_task,rest_and_all_tasks,pca_fixed_components,1,correlation,48,10,50,10,0.109396331631282,109,1220,50,1,03-Apr-2026 19:23:03
153934,LR,schaefer100x7,triangle,rest_5min_and_tasks,each_task,rest_and_all_tasks,pca_fixed_components,1,correlation,48,10,50,10,0.0584827916501519,90,1044,50,0.999999999999999,03-Apr-2026 19:23:04
151324,LR,schaefer100x7,triangle,rest_5min_and_tasks,each_task,rest_and_all_tasks,pca_fixed_components,1,correlation,48,14,50,10,0.152658647153369,190,2209,50,0.999999999999999,03-Apr-2026 19:23:36
153833,LR,schaefer100x7,triangle,rest_5min_and_tasks,each_task,rest_and_all_tasks,pca_fixed_components,1,correlation,46,12,50,10,0.141601552908445,162,1833,50,1,03-Apr-2026 19:24:09
153227,LR,schaefer100x7,triangle,rest_5min_and_tasks,each_task,rest_and_all_tasks,pca_fixed_components,1,correlation,48,12,50,10,0.107363150925642,121,1401,50,1,03-Apr-2026 19:24:22
154229,LR,schaefer100x7,triangle,rest_5min_and_tasks,each_task,rest_and_all_tasks,pca_fixed_components,1,correlation,48,9,50,10,0.0732500767428106,99,1266,50,1,03-Apr-2026 19:24:44
154734,LR,schaefer100x7,triangle,rest_5min_and_tasks,each_task,rest_and_all_tasks,pca_fixed_components,1,correlation,48,9,50,10,0.102790434672538,126,1511,50,0.999999999999999,03-Apr-2026 19:25:26
156435,LR,schaefer100x7,triangle,rest_5min_and_tasks,each_task,rest_and_all_tasks,pca_fixed_components,1,correlation,48,9,50,10,0.0540143562263269,117,1427,50,0.999999999999999,03-Apr-2026 19:26:34
154835,LR,schaefer100x7,triangle,rest_5min_and_tasks,each_task,rest_and_all_tasks,pca_fixed_components,1,correlation,48,12,50,10,0.113836491218517,135,1557,50,1,03-Apr-2026 19:26:47
156031,LR,schaefer100x7,triangle,rest_5min_and_tasks,each_task,rest_and_all_tasks,pca_fixed_components,1,correlation,48,11,50,10,0.0749280192251014,93,1131,50,1,03-Apr-2026 19:27:04
156334,LR,schaefer100x7,triangle,rest_5min_and_tasks,each_task,rest_and_all_tasks,pca_fixed_components,1,correlation,48,10,50,10,0.0786013078078456,152,1879,50,1,03-Apr-2026 19:27:36
156536,LR,schaefer100x7,triangle,rest_5min_and_tasks,each_task,rest_and_all_tasks,pca_fixed_components,1,correlation,48,10,50,10,0.0400952551584102,88,1098,50,1,03-Apr-2026 19:27:40
154936,LR,schaefer100x7,triangle,rest_5min_and_tasks,each_task,rest_and_all_tasks,pca_fixed_components,1,correlation,48,11,50,10,0.159613880346249,127,1522,50,1,03-Apr-2026 19:27:47
157942,LR,schaefer100x7,triangle,rest_5min_and_tasks,each_task,rest_and_all_tasks,pca_fixed_components,1,correlation,48,9,50,10,0.0487880660375712,84,927,50,1,03-Apr-2026 19:28:00
157437,LR,schaefer100x7,triangle,rest_5min_and_tasks,each_task,rest_and_all_tasks,pca_fixed_components,1,correlation,47,13,50,10,0.133230794270833,153,1920,50,1,03-Apr-2026 19:28:42
152427,LR,schaefer100x7,triangle,rest_5min_and_tasks,each_task,rest_and_all_tasks,pca_fixed_components,1,correlation,48,61,50,10,0.136608743149965,574,12443,50,1,03-Apr-2026 19:30:03
154532,LR,schaefer100x7,triangle,rest_5min_and_tasks,each_task,rest_and_all_tasks,pca_fixed_components,1,correlation,47,58,50,10,0.18560651992006,546,11412,50,1,03-Apr-2026 19:31:59
156233,LR,schaefer100x7,triangle,rest_5min_and_tasks,each_task,rest_and_all_tasks,pca_fixed_components,1,correlation,45,59,50,10,0.278997538045805,520,9218,50,0.999999999999999,03-Apr-2026 19:32:28
156637,LR,schaefer100x7,triangle,rest_5min_and_tasks,each_task,rest_and_all_tasks,pca_fixed_components,1,correlation,46,76,50,10,0.304387772048675,712,12128,50,1,03-Apr-2026 19:37:19
158136,LR,schaefer100x7,triangle,rest_5min_and_tasks,each_task,rest_and_all_tasks,pca_fixed_components,1,correlation,48,51,50,10,0.137122179700252,283,4049,50,1,03-Apr-2026 19:37:46
172433,LR,schaefer100x7,triangle,rest_5min_and_tasks,each_task,rest_and_all_tasks,pca_fixed_components,1,correlation,48,10,50,10,0.065664766597251,106,1319,50,1,03-Apr-2026 19:50:47
169949,LR,schaefer100x7,triangle,rest_5min_and_tasks,each_task,rest_and_all_tasks,pca_fixed_components,1,correlation,48,10,50,10,0.104825501360561,149,1739,50,1,03-Apr-2026 19:50:48
163331,LR,schaefer100x7,triangle,rest_5min_and_tasks,each_task,rest_and_all_tasks,pca_fixed_components,1,correlation,43,10,50,10,0.0928813793989608,126,1417,50,0.999999999999999,03-Apr-2026 19:51:06
173435,LR,schaefer100x7,triangle,rest_5min_and_tasks,each_task,rest_and_all_tasks,pca_fixed_components,1,correlation,48,9,50,10,0.0280654148633328,77,961,50,1,03-Apr-2026 19:51:10
173940,LR,schaefer100x7,triangle,rest_5min_and_tasks,each_task,rest_and_all_tasks,pca_fixed_components,1,correlation,48,11,50,10,0.112398202518865,118,1552,50,1,03-Apr-2026 19:51:15
180129,LR,schaefer100x7,triangle,rest_5min_and_tasks,each_task,rest_and_all_tasks,pca_fixed_components,1,correlation,47,12,50,10,0.152714474581797,141,1628,50,1,03-Apr-2026 19:51:16
172029,LR,schaefer100x7,triangle,rest_5min_and_tasks,each_task,rest_and_all_tasks,pca_fixed_components,1,correlation,48,10,50,10,0.104170612053495,104,1332,50,1,03-Apr-2026 19:51:20
176542,LR,schaefer100x7,triangle,rest_5min_and_tasks,each_task,rest_and_all_tasks,pca_fixed_components,1,correlation,48,10,50,10,0.111309045760114,118,1495,50,1,03-Apr-2026 19:51:24
173536,LR,schaefer100x7,triangle,rest_5min_and_tasks,each_task,rest_and_all_tasks,pca_fixed_components,1,correlation,48,10,50,10,0.0808849561823869,91,1111,50,0.999999999999999,03-Apr-2026 19:51:35
168745,LR,schaefer100x7,triangle,rest_5min_and_tasks,each_task,rest_and_all_tasks,pca_fixed_components,1,correlation,47,13,50,10,0.183636552328658,280,3399,50,1,03-Apr-2026 19:51:56
179245,LR,schaefer100x7,triangle,rest_5min_and_tasks,each_task,rest_and_all_tasks,pca_fixed_components,1,correlation,48,10,50,10,0.0820211518994086,113,1370,50,0.999999999999999,03-Apr-2026 19:51:58
169444,LR,schaefer100x7,triangle,rest_5min_and_tasks,each_task,rest_and_all_tasks,pca_fixed_components,1,correlation,48,12,50,10,0.102704821973411,168,2164,50,1,03-Apr-2026 19:52:04
167743,LR,schaefer100x7,triangle,rest_5min_and_tasks,each_task,rest_and_all_tasks,pca_fixed_components,1,correlation,48,9,50,10,0.0663870712093125,94,1214,50,1,03-Apr-2026 19:52:07
159239,LR,schaefer100x7,triangle,rest_5min_and_tasks,each_task,rest_and_all_tasks,pca_fixed_components,1,correlation,48,10,50,10,0.0795965635361334,154,1946,50,0.999999999999999,03-Apr-2026 19:52:16
167238,LR,schaefer100x7,triangle,rest_5min_and_tasks,each_task,rest_and_all_tasks,pca_fixed_components,1,correlation,48,10,50,10,0.030128353921287,115,1475,50,1,03-Apr-2026 19:52:15
167440,LR,schaefer100x7,triangle,rest_5min_and_tasks,each_task,rest_and_all_tasks,pca_fixed_components,1,correlation,48,9,50,10,0.0294413401326802,76,1016,50,1,03-Apr-2026 19:52:16
178142,LR,schaefer100x7,triangle,rest_5min_and_tasks,each_task,rest_and_all_tasks,pca_fixed_components,1,correlation,48,11,50,10,0.1355051944848,149,1910,50,0.999999999999999,03-Apr-2026 19:52:25
177645,LR,schaefer100x7,triangle,rest_5min_and_tasks,each_task,rest_and_all_tasks,pca_fixed_components,1,correlation,48,10,50,10,0.0917787598267456,107,1341,50,1,03-Apr-2026 19:52:25
169545,LR,schaefer100x7,triangle,rest_5min_and_tasks,each_task,rest_and_all_tasks,pca_fixed_components,1,correlation,48,12,50,10,0.150998866698851,195,2456,50,1,03-Apr-2026 19:52:26
175742,LR,schaefer100x7,triangle,rest_5min_and_tasks,each_task,rest_and_all_tasks,pca_fixed_components,1,correlation,48,11,50,10,0.056274052110277,120,1441,50,1,03-Apr-2026 19:52:30
164030,LR,schaefer100x7,triangle,rest_5min_and_tasks,each_task,rest_and_all_tasks,pca_fixed_components,1,correlation,48,11,50,10,0.0817339730147714,104,1263,50,1,03-Apr-2026 19:52:47
174841,LR,schaefer100x7,triangle,rest_5min_and_tasks,each_task,rest_and_all_tasks,pca_fixed_components,1,correlation,47,11,50,10,0.0828974257801667,133,1466,50,1,03-Apr-2026 19:53:02
178950,LR,schaefer100x7,triangle,rest_5min_and_tasks,each_task,rest_and_all_tasks,pca_fixed_components,1,correlation,48,11,50,10,0.176133890080486,131,1736,50,1,03-Apr-2026 19:53:06
173738,LR,schaefer100x7,triangle,rest_5min_and_tasks,each_task,rest_and_all_tasks,pca_fixed_components,1,correlation,48,13,50,10,0.129013547068171,200,2594,50,0.999999999999998,03-Apr-2026 19:53:08
163432,LR,schaefer100x7,triangle,rest_5min_and_tasks,each_task,rest_and_all_tasks,pca_fixed_components,1,correlation,48,10,50,10,0.170975161505903,106,1340,50,0.999999999999999,03-Apr-2026 19:53:11
159340,LR,schaefer100x7,triangle,rest_5min_and_tasks,each_task,rest_and_all_tasks,pca_fixed_components,1,correlation,48,10,50,10,0.0668183655475296,110,1382,50,1,03-Apr-2026 19:53:13
173637,LR,schaefer100x7,triangle,rest_5min_and_tasks,each_task,rest_and_all_tasks,pca_fixed_components,1,correlation,47,11,50,10,0.0970804832472492,108,1278,50,1,03-Apr-2026 19:53:17
177241,LR,schaefer100x7,triangle,rest_5min_and_tasks,each_task,rest_and_all_tasks,pca_fixed_components,1,correlation,48,13,50,10,0.180364182587622,234,2841,50,1,03-Apr-2026 19:53:19
164636,LR,schaefer100x7,triangle,rest_5min_and_tasks,each_task,rest_and_all_tasks,pca_fixed_components,1,correlation,48,10,50,10,0.0918873747549642,107,1241,50,1,03-Apr-2026 19:53:19
167036,LR,schaefer100x7,triangle,rest_5min_and_tasks,each_task,rest_and_all_tasks,pca_fixed_components,1,correlation,48,9,50,10,0.0579427944473272,98,1086,50,0.999999999999999,03-Apr-2026 19:53:30
161630,LR,schaefer100x7,triangle,rest_5min_and_tasks,each_task,rest_and_all_tasks,pca_fixed_components,1,correlation,48,10,50,10,0.0673075192003716,90,1054,50,0.999999999999999,03-Apr-2026 19:53:30
178849,LR,schaefer100x7,triangle,rest_5min_and_tasks,each_task,rest_and_all_tasks,pca_fixed_components,1,correlation,48,11,50,10,0.121370359315828,173,2144,50,1,03-Apr-2026 19:53:35
158843,LR,schaefer100x7,triangle,rest_5min_and_tasks,each_task,rest_and_all_tasks,pca_fixed_components,1,correlation,48,11,50,10,0.056294908401429,126,1703,50,0.999999999999999,03-Apr-2026 19:53:37
162733,LR,schaefer100x7,triangle,rest_5min_and_tasks,each_task,rest_and_all_tasks,pca_fixed_components,1,correlation,48,10,50,10,0.078603632194263,95,1105,50,1,03-Apr-2026 19:53:48
164131,LR,schaefer100x7,triangle,rest_5min_and_tasks,each_task,rest_and_all_tasks,pca_fixed_components,1,correlation,47,10,50,10,0.105305667425355,108,1201,50,1,03-Apr-2026 19:53:49
172332,LR,schaefer100x7,triangle,rest_5min_and_tasks,each_task,rest_and_all_tasks,pca_fixed_components,1,correlation,48,12,50,10,0.113019476814236,158,2153,50,0.999999999999999,03-Apr-2026 19:53:50
175338,LR,schaefer100x7,triangle,rest_5min_and_tasks,each_task,rest_and_all_tasks,pca_fixed_components,1,correlation,48,12,50,10,0.0992293727945158,132,1569,50,1,03-Apr-2026 19:54:02
159744,LR,schaefer100x7,triangle,rest_5min_and_tasks,each_task,rest_and_all_tasks,pca_fixed_components,1,correlation,48,10,50,10,0.0352223349331557,109,1285,50,1,03-Apr-2026 19:54:21
162228,LR,schaefer100x7,triangle,rest_5min_and_tasks,each_task,rest_and_all_tasks,pca_fixed_components,1,correlation,48,10,50,10,0.103882665639563,116,1401,50,0.999999999999999,03-Apr-2026 19:54:25
168341,LR,schaefer100x7,triangle,rest_5min_and_tasks,each_task,rest_and_all_tasks,pca_fixed_components,1,correlation,48,9,50,10,0.0827759794806613,72,811,50,1,03-Apr-2026 19:54:31
172938,LR,schaefer100x7,triangle,rest_5min_and_tasks,each_task,rest_and_all_tasks,pca_fixed_components,1,correlation,48,12,50,10,0.131287380232823,136,1563,50,1,03-Apr-2026 19:54:32
168947,LR,schaefer100x7,triangle,rest_5min_and_tasks,each_task,rest_and_all_tasks,pca_fixed_components,1,correlation,48,61,50,10,0.205264722299069,492,8689,50,0.999999999999999,03-Apr-2026 19:54:43
160830,LR,schaefer100x7,triangle,rest_5min_and_tasks,each_task,rest_and_all_tasks,pca_fixed_components,1,correlation,46,11,50,10,0.166071626913492,118,1325,50,0.999999999999999,03-Apr-2026 19:54:43
164939,LR,schaefer100x7,triangle,rest_5min_and_tasks,each_task,rest_and_all_tasks,pca_fixed_components,1,correlation,48,10,50,10,0.0506293126037208,88,1070,50,0.999999999999999,03-Apr-2026 19:54:48
159138,LR,schaefer100x7,triangle,rest_5min_and_tasks,each_task,rest_and_all_tasks,pca_fixed_components,1,correlation,48,12,50,10,0.0498760059463994,144,1735,50,1,03-Apr-2026 19:54:56
160729,LR,schaefer100x7,triangle,rest_5min_and_tasks,each_task,rest_and_all_tasks,pca_fixed_components,1,correlation,48,11,50,10,0.0652547978493076,129,1564,50,0.999999999999999,03-Apr-2026 19:55:23
168139,LR,schaefer100x7,triangle,rest_5min_and_tasks,each_task,rest_and_all_tasks,pca_fixed_components,1,correlation,47,9,50,10,0.103101479289941,103,1300,50,1,03-Apr-2026 19:55:27
172534,LR,schaefer100x7,triangle,rest_5min_and_tasks,each_task,rest_and_all_tasks,pca_fixed_components,1,correlation,48,58,50,10,0.130718453775163,469,8253,50,0.999999999999998,03-Apr-2026 19:57:44
186040,LR,schaefer100x7,triangle,rest_5min_and_tasks,each_task,rest_and_all_tasks,pca_fixed_components,1,correlation,48,10,50,10,0.0310027777399545,93,1084,50,1,03-Apr-2026 20:02:19
180432,LR,schaefer100x7,triangle,rest_5min_and_tasks,each_task,rest_and_all_tasks,pca_fixed_components,1,correlation,48,10,50,10,0.0647140949860059,92,1173,50,1,03-Apr-2026 20:02:28
190031,LR,schaefer100x7,triangle,rest_5min_and_tasks,each_task,rest_and_all_tasks,pca_fixed_components,1,correlation,48,11,50,10,0.087390800998555,116,1561,50,0.999999999999999,03-Apr-2026 20:02:32
185038,LR,schaefer100x7,triangle,rest_5min_and_tasks,each_task,rest_and_all_tasks,pca_fixed_components,1,correlation,48,10,50,10,0.0455238224398577,94,1113,50,0.999999999999999,03-Apr-2026 20:02:39
204016,LR,schaefer100x7,triangle,rest_5min_and_tasks,each_task,rest_and_all_tasks,pca_fixed_components,1,correlation,48,10,50,10,0.0775600961538462,89,1040,50,1,03-Apr-2026 20:02:43
180533,LR,schaefer100x7,triangle,rest_5min_and_tasks,each_task,rest_and_all_tasks,pca_fixed_components,1,correlation,48,13,50,10,0.0860616945147336,136,1658,50,1,03-Apr-2026 20:02:51
180735,LR,schaefer100x7,triangle,rest_5min_and_tasks,each_task,rest_and_all_tasks,pca_fixed_components,1,correlation,48,10,50,10,0.140048925769752,104,1267,50,1,03-Apr-2026 20:03:07
188145,LR,schaefer100x7,triangle,rest_5min_and_tasks,each_task,rest_and_all_tasks,pca_fixed_components,1,correlation,48,12,50,10,0.115242414158298,154,1778,50,1,03-Apr-2026 20:03:13
181232,LR,schaefer100x7,triangle,rest_5min_and_tasks,each_task,rest_and_all_tasks,pca_fixed_components,1,correlation,48,10,50,10,0.0504189022634609,94,1129,50,1,03-Apr-2026 20:03:19
189450,LR,schaefer100x7,triangle,rest_5min_and_tasks,each_task,rest_and_all_tasks,pca_fixed_components,1,correlation,47,13,50,10,0.126748259152922,162,1913,50,1,03-Apr-2026 20:03:24
180836,LR,schaefer100x7,triangle,rest_5min_and_tasks,each_task,rest_and_all_tasks,pca_fixed_components,1,correlation,48,11,50,10,0.072564178738494,93,1128,50,1,03-Apr-2026 20:03:26
198249,LR,schaefer100x7,triangle,rest_5min_and_tasks,each_task,rest_and_all_tasks,pca_fixed_components,1,correlation,46,11,50,10,0.0757733746872452,116,1397,50,1,03-Apr-2026 20:03:26
196346,LR,schaefer100x7,triangle,rest_5min_and_tasks,each_task,rest_and_all_tasks,pca_fixed_components,1,correlation,48,10,50,10,0.0872378668695084,115,1433,50,1,03-Apr-2026 20:03:31
204218,LR,schaefer100x7,triangle,rest_5min_and_tasks,each_task,rest_and_all_tasks,pca_fixed_components,1,correlation,48,11,50,10,0.116700331216254,129,1432,50,1,03-Apr-2026 20:03:33
200513,LR,schaefer100x7,triangle,rest_5min_and_tasks,each_task,rest_and_all_tasks,pca_fixed_components,1,correlation,48,10,50,10,0.0732936512962095,112,1405,50,0.999999999999999,03-Apr-2026 20:03:40
185442,LR,schaefer100x7,triangle,rest_5min_and_tasks,each_task,rest_and_all_tasks,pca_fixed_components,1,correlation,48,10,50,10,0.0940679519990013,116,1432,50,1,03-Apr-2026 20:03:42
206323,LR,schaefer100x7,triangle,rest_5min_and_tasks,each_task,rest_and_all_tasks,pca_fixed_components,1,correlation,47,11,50,10,0.0979814359353567,139,1728,50,1,03-Apr-2026 20:03:52
199352,LR,schaefer100x7,triangle,rest_5min_and_tasks,each_task,rest_and_all_tasks,pca_fixed_components,1,correlation,48,11,50,10,0.0777904692072271,126,1544,50,0.999999999999999,03-Apr-2026 20:04:00
180230,LR,schaefer100x7,triangle,rest_5min_and_tasks,each_task,rest_and_all_tasks,pca_fixed_components,1,correlation,48,10,50,10,0.0638754050250157,104,1311,50,1,03-Apr-2026 20:04:01
186141,LR,schaefer100x7,triangle,rest_5min_and_tasks,each_task,rest_and_all_tasks,pca_fixed_components,1,correlation,48,10,50,10,0.044017308971321,96,1094,50,1,03-Apr-2026 20:04:05
171532,LR,schaefer100x7,triangle,rest_5min_and_tasks,each_task,rest_and_all_tasks,pca_fixed_components,1,correlation,47,56,50,10,0.200505906147152,467,8347,50,1,03-Apr-2026 20:04:06
159441,LR,schaefer100x7,triangle,rest_5min_and_tasks,each_task,rest_and_all_tasks,pca_fixed_components,1,correlation,47,61,50,10,0.218244364067252,479,8426,50,1,03-Apr-2026 20:04:09
196144,LR,schaefer100x7,triangle,rest_5min_and_tasks,each_task,rest_and_all_tasks,pca_fixed_components,1,correlation,48,11,50,10,0.10287397313823,133,1656,50,1,03-Apr-2026 20:04:14
192641,LR,schaefer100x7,triangle,rest_5min_and_tasks,each_task,rest_and_all_tasks,pca_fixed_components,1,correlation,48,10,50,10,0.106352708148351,103,1210,50,1,03-Apr-2026 20:04:14
202113,LR,schaefer100x7,triangle,rest_5min_and_tasks,each_task,rest_and_all_tasks,pca_fixed_components,1,correlation,48,25,50,10,0.0862127642859593,157,1847,50,1,03-Apr-2026 20:04:31
208226,LR,schaefer100x7,triangle,rest_5min_and_tasks,each_task,rest_and_all_tasks,pca_fixed_components,1,correlation,47,11,50,10,0.180078151753892,120,1383,50,1,03-Apr-2026 20:04:31
206727,LR,schaefer100x7,triangle,rest_5min_and_tasks,each_task,rest_and_all_tasks,pca_fixed_components,1,correlation,46,12,50,10,0.121521015503132,120,1458,50,1,03-Apr-2026 20:04:51
200917,LR,schaefer100x7,triangle,rest_5min_and_tasks,each_task,rest_and_all_tasks,pca_fixed_components,1,correlation,47,10,50,10,0.0458104491607357,98,1172,50,0.999999999999999,03-Apr-2026 20:05:00
200614,LR,schaefer100x7,triangle,rest_5min_and_tasks,each_task,rest_and_all_tasks,pca_fixed_components,1,correlation,48,11,50,10,0.134460287830959,100,1172,50,1,03-Apr-2026 20:05:03
199958,LR,schaefer100x7,triangle,rest_5min_and_tasks,each_task,rest_and_all_tasks,pca_fixed_components,1,correlation,48,11,50,10,0.127562141939997,108,1281,50,1,03-Apr-2026 20:05:13
192136,LR,schaefer100x7,triangle,rest_5min_and_tasks,each_task,rest_and_all_tasks,pca_fixed_components,1,correlation,48,13,50,10,0.170776098726494,133,1599,50,1,03-Apr-2026 20:05:18
186444,LR,schaefer100x7,triangle,rest_5min_and_tasks,each_task,rest_and_all_tasks,pca_fixed_components,1,correlation,47,43,50,10,0.200498392210288,259,3359,50,0.999999999999999,03-Apr-2026 20:05:24
194746,LR,schaefer100x7,triangle,rest_5min_and_tasks,each_task,rest_and_all_tasks,pca_fixed_components,1,correlation,48,13,50,10,0.145380913845163,148,1695,50,1,03-Apr-2026 20:05:31
199655,LR,schaefer100x7,triangle,rest_5min_and_tasks,each_task,rest_and_all_tasks,pca_fixed_components,1,correlation,48,11,50,10,0.154915475718201,105,1239,50,1,03-Apr-2026 20:05:35
198451,LR,schaefer100x7,triangle,rest_5min_and_tasks,each_task,rest_and_all_tasks,pca_fixed_components,1,correlation,48,10,50,10,0.220698784722222,106,1440,50,1,03-Apr-2026 20:05:36
197550,LR,schaefer100x7,triangle,rest_5min_and_tasks,each_task,rest_and_all_tasks,pca_fixed_components,1,correlation,48,15,50,10,0.125605732828556,186,2150,50,1,03-Apr-2026 20:05:57
195041,LR,schaefer100x7,triangle,rest_5min_and_tasks,each_task,rest_and_all_tasks,pca_fixed_components,1,correlation,48,12,50,10,0.13664060356653,117,1350,50,1,03-Apr-2026 20:05:58
192035,LR,schaefer100x7,triangle,rest_5min_and_tasks,each_task,rest_and_all_tasks,pca_fixed_components,1,correlation,48,13,50,10,0.130537844568954,154,1773,50,1,03-Apr-2026 20:06:25
208125,LR,schaefer100x7,triangle,rest_5min_and_tasks,each_task,rest_and_all_tasks,pca_fixed_components,1,correlation,48,9,50,10,0.039628609325579,90,990,50,1,03-Apr-2026 20:06:33
196750,LR,schaefer100x7,triangle,rest_5min_and_tasks,each_task,rest_and_all_tasks,pca_fixed_components,1,correlation,47,12,50,10,0.10742303336718,142,1643,50,0.999999999999999,03-Apr-2026 20:06:35
201414,LR,schaefer100x7,triangle,rest_5min_and_tasks,each_task,rest_and_all_tasks,pca_fixed_components,1,correlation,48,10,50,10,0.0719445323665933,106,1317,50,1,03-Apr-2026 20:06:35
189349,LR,schaefer100x7,triangle,rest_5min_and_tasks,each_task,rest_and_all_tasks,pca_fixed_components,1,correlation,48,59,50,10,0.191612874459545,523,11608,50,1,03-Apr-2026 20:08:49
187143,LR,schaefer100x7,triangle,rest_5min_and_tasks,each_task,rest_and_all_tasks,pca_fixed_components,1,correlation,48,60,50,10,0.143332487172091,602,12670,50,1,03-Apr-2026 20:08:54
191033,LR,schaefer100x7,triangle,rest_5min_and_tasks,each_task,rest_and_all_tasks,pca_fixed_components,1,correlation,48,61,50,10,0.279475571302994,575,12433,50,1,03-Apr-2026 20:08:58
182739,LR,schaefer100x7,triangle,rest_5min_and_tasks,each_task,rest_and_all_tasks,pca_fixed_components,1,correlation,48,62,50,10,0.310560639459959,593,13026,50,1,03-Apr-2026 20:11:20
205119,LR,schaefer100x7,triangle,rest_5min_and_tasks,each_task,rest_and_all_tasks,pca_fixed_components,1,correlation,47,62,50,10,0.271725470993314,654,13498,50,0.999999999999999,03-Apr-2026 20:11:43
209329,LR,schaefer100x7,triangle,rest_5min_and_tasks,each_task,rest_and_all_tasks,pca_fixed_components,1,correlation,48,9,50,10,0.112078908348945,103,1327,50,1,03-Apr-2026 20:12:50
185341,LR,schaefer100x7,triangle,rest_5min_and_tasks,each_task,rest_and_all_tasks,pca_fixed_components,1,correlation,48,60,50,10,0.218470329451837,825,24007,50,1,03-Apr-2026 20:13:10
208327,LR,schaefer100x7,triangle,rest_5min_and_tasks,each_task,rest_and_all_tasks,pca_fixed_components,1,correlation,48,9,50,10,0.0540777923729696,79,876,50,1,03-Apr-2026 20:13:25
204420,LR,schaefer100x7,triangle,rest_5min_and_tasks,each_task,rest_and_all_tasks,pca_fixed_components,1,correlation,48,66,50,10,0.24372841433791,715,14675,50,1,03-Apr-2026 20:16:05
198855,LR,schaefer100x7,triangle,rest_5min_and_tasks,each_task,rest_and_all_tasks,pca_fixed_components,1,correlation,48,67,50,10,0.184426569095463,683,14903,50,1,03-Apr-2026 20:19:33
210112,LR,schaefer100x7,triangle,rest_5min_and_tasks,each_task,rest_and_all_tasks,pca_fixed_components,1,correlation,48,9,50,10,0.126303637307298,107,1335,50,1,03-Apr-2026 20:20:28
211114,LR,schaefer100x7,triangle,rest_5min_and_tasks,each_task,rest_and_all_tasks,pca_fixed_components,1,correlation,47,10,50,10,0.0867110741260052,123,1539,50,1,03-Apr-2026 20:21:22
239944,LR,schaefer100x7,triangle,rest_5min_and_tasks,each_task,rest_and_all_tasks,pca_fixed_components,1,correlation,48,9,50,10,0.0575933960422469,80,1002,50,1,03-Apr-2026 20:21:31
268749,LR,schaefer100x7,triangle,rest_5min_and_tasks,each_task,rest_and_all_tasks,pca_fixed_components,1,correlation,48,9,50,10,0.0521006885483099,96,1031,50,1,03-Apr-2026 20:21:35
275645,LR,schaefer100x7,triangle,rest_5min_and_tasks,each_task,rest_and_all_tasks,pca_fixed_components,1,correlation,48,11,50,10,0.132098471815115,136,1707,50,1,03-Apr-2026 20:22:27
214221,LR,schaefer100x7,triangle,rest_5min_and_tasks,each_task,rest_and_all_tasks,pca_fixed_components,1,correlation,48,12,50,10,0.0465424560261452,131,1552,50,1,03-Apr-2026 20:22:32
212318,LR,schaefer100x7,triangle,rest_5min_and_tasks,each_task,rest_and_all_tasks,pca_fixed_components,1,correlation,47,11,50,10,0.0965613381927979,155,1956,50,1,03-Apr-2026 20:22:51
274542,LR,schaefer100x7,triangle,rest_5min_and_tasks,each_task,rest_and_all_tasks,pca_fixed_components,1,correlation,48,10,50,10,0.0689709109252925,116,1498,50,1,03-Apr-2026 20:22:52
263436,LR,schaefer100x7,triangle,rest_5min_and_tasks,each_task,rest_and_all_tasks,pca_fixed_components,1,correlation,48,10,50,10,0.0968421149487335,131,1713,50,1,03-Apr-2026 20:22:58
210011,LR,schaefer100x7,triangle,rest_5min_and_tasks,each_task,rest_and_all_tasks,pca_fixed_components,1,correlation,48,11,50,10,0.0600788340417174,112,1335,50,0.999999999999999,03-Apr-2026 20:23:13
227432,LR,schaefer100x7,triangle,rest_5min_and_tasks,each_task,rest_and_all_tasks,pca_fixed_components,1,correlation,48,11,50,10,0.0447256749107254,136,1523,50,1,03-Apr-2026 20:23:37
213522,LR,schaefer100x7,triangle,rest_5min_and_tasks,each_task,rest_and_all_tasks,pca_fixed_components,1,correlation,48,11,50,10,0.167086591575527,199,2503,50,1,03-Apr-2026 20:23:45
212217,LR,schaefer100x7,triangle,rest_5min_and_tasks,each_task,rest_and_all_tasks,pca_fixed_components,1,correlation,46,12,50,10,0.143002341130297,150,1671,50,1,03-Apr-2026 20:24:18
213017,LR,schaefer100x7,triangle,rest_5min_and_tasks,each_task,rest_and_all_tasks,pca_fixed_components,1,correlation,48,10,50,10,0.142677312998415,112,1407,50,1,03-Apr-2026 20:24:26
221319,LR,schaefer100x7,triangle,rest_5min_and_tasks,each_task,rest_and_all_tasks,pca_fixed_components,1,correlation,47,11,50,10,0.127627525915389,129,1458,50,1,03-Apr-2026 20:24:36
281135,LR,schaefer100x7,triangle,rest_5min_and_tasks,each_task,rest_and_all_tasks,pca_fixed_components,1,correlation,48,11,50,10,0.0677540072764225,134,1547,50,1,03-Apr-2026 20:25:10
286347,LR,schaefer100x7,triangle,rest_5min_and_tasks,each_task,rest_and_all_tasks,pca_fixed_components,1,correlation,48,10,50,10,0.0305982246313551,88,1004,50,1,03-Apr-2026 20:27:35
287248,LR,schaefer100x7,triangle,rest_5min_and_tasks,each_task,rest_and_all_tasks,pca_fixed_components,1,correlation,48,11,50,10,0.0955392541551749,110,1328,50,1,03-Apr-2026 20:33:19
348545,LR,schaefer100x7,triangle,rest_5min_and_tasks,each_task,rest_and_all_tasks,pca_fixed_components,1,correlation,48,10,50,10,0.0666651261512239,108,1213,50,0.999999999999999,03-Apr-2026 20:34:31
286650,LR,schaefer100x7,triangle,rest_5min_and_tasks,each_task,rest_and_all_tasks,pca_fixed_components,1,correlation,48,10,50,10,0.101419497698269,102,1310,50,1,03-Apr-2026 20:34:31
295146,LR,schaefer100x7,triangle,rest_5min_and_tasks,each_task,rest_and_all_tasks,pca_fixed_components,1,correlation,42,11,50,10,0.11985793452274,111,1345,50,1,03-Apr-2026 20:34:44
329844,LR,schaefer100x7,triangle,rest_5min_and_tasks,each_task,rest_and_all_tasks,pca_fixed_components,1,correlation,48,9,50,10,0.0841766597776503,87,953,50,1,03-Apr-2026 20:34:47
257946,LR,schaefer100x7,triangle,rest_5min_and_tasks,each_task,rest_and_all_tasks,pca_fixed_components,1,correlation,48,67,50,10,0.265261051005098,700,14475,50,0.999999999999999,03-Apr-2026 20:35:00
298051,LR,schaefer100x7,triangle,rest_5min_and_tasks,each_task,rest_and_all_tasks,pca_fixed_components,1,correlation,47,10,50,10,0.0559315638104626,124,1614,50,1,03-Apr-2026 20:35:08
220721,LR,schaefer100x7,triangle,rest_5min_and_tasks,each_task,rest_and_all_tasks,pca_fixed_components,1,correlation,48,64,50,10,0.240333954385029,905,24861,50,0.999999999999999,03-Apr-2026 20:35:27
309636,LR,schaefer100x7,triangle,rest_5min_and_tasks,each_task,rest_and_all_tasks,pca_fixed_components,1,correlation,48,10,50,10,0.122439749178913,109,1337,50,1,03-Apr-2026 20:35:41
316633,LR,schaefer100x7,triangle,rest_5min_and_tasks,each_task,rest_and_all_tasks,pca_fixed_components,1,correlation,48,9,50,10,0.031584640346133,76,860,50,1,03-Apr-2026 20:35:58
321323,LR,schaefer100x7,triangle,rest_5min_and_tasks,each_task,rest_and_all_tasks,pca_fixed_components,1,correlation,48,10,50,10,0.0349746031467386,106,1217,50,1,03-Apr-2026 20:36:11
349244,LR,schaefer100x7,triangle,rest_5min_and_tasks,each_task,rest_and_all_tasks,pca_fixed_components,1,correlation,48,12,50,10,0.0913390504807318,144,1701,50,1,03-Apr-2026 20:36:15
308331,LR,schaefer100x7,triangle,rest_5min_and_tasks,each_task,rest_and_all_tasks,pca_fixed_components,1,correlation,48,10,50,10,0.0765254066338001,88,1013,50,1,03-Apr-2026 20:36:16
299760,LR,schaefer100x7,triangle,rest_5min_and_tasks,each_task,rest_and_all_tasks,pca_fixed_components,1,correlation,48,9,50,10,0.0876538222649237,103,1284,50,1,03-Apr-2026 20:36:39
213421,LR,schaefer100x7,triangle,rest_5min_and_tasks,each_task,rest_and_all_tasks,pca_fixed_components,1,correlation,48,68,50,10,0.209893242616247,819,16452,50,1,03-Apr-2026 20:36:43
285446,LR,schaefer100x7,triangle,rest_5min_and_tasks,each_task,rest_and_all_tasks,pca_fixed_components,1,correlation,48,66,50,10,0.268830359193988,868,24445,50,1,03-Apr-2026 20:36:59
219231,LR,schaefer100x7,triangle,rest_5min_and_tasks,each_task,rest_and_all_tasks,pca_fixed_components,1,correlation,48,61,50,10,0.22353604535717,814,22669,50,0.999999999999999,03-Apr-2026 20:37:04
318637,LR,schaefer100x7,triangle,rest_5min_and_tasks,each_task,rest_and_all_tasks,pca_fixed_components,1,correlation,48,56,50,10,0.21579719393393,507,11012,50,1,03-Apr-2026 20:44:11
310621,LR,schaefer100x7,triangle,rest_5min_and_tasks,each_task,rest_and_all_tasks,pca_fixed_components,1,correlation,48,65,50,10,0.293222772688608,658,13949,50,0.999999999999999,03-Apr-2026 20:45:58
303119,LR,schaefer100x7,triangle,rest_5min_and_tasks,each_task,rest_and_all_tasks,pca_fixed_components,1,correlation,48,70,50,10,0.244619325127194,599,9994,50,1,03-Apr-2026 20:47:24
314225,LR,schaefer100x7,triangle,rest_5min_and_tasks,each_task,rest_and_all_tasks,pca_fixed_components,1,correlation,48,70,50,10,0.299991689843007,801,15812,50,1,03-Apr-2026 20:48:14
350330,LR,schaefer100x7,triangle,rest_5min_and_tasks,each_task,rest_and_all_tasks,pca_fixed_components,1,correlation,48,59,50,10,0.181187429235013,453,8300,50,1,03-Apr-2026 20:49:39
453542,LR,schaefer100x7,triangle,rest_5min_and_tasks,each_task,rest_and_all_tasks,pca_fixed_components,1,correlation,40,10,50,10,0.100647875698815,133,1471,50,1,03-Apr-2026 20:58:33
672756,LR,schaefer100x7,triangle,rest_5min_and_tasks,each_task,rest_and_all_tasks,pca_fixed_components,1,correlation,48,10,50,10,0.0909840665873959,117,1450,50,1,03-Apr-2026 20:58:51
618952,LR,schaefer100x7,triangle,rest_5min_and_tasks,each_task,rest_and_all_tasks,pca_fixed_components,1,correlation,48,10,50,10,0.0789944859800168,108,1345,50,0.999999999999999,03-Apr-2026 20:58:56
480141,LR,schaefer100x7,triangle,rest_5min_and_tasks,each_task,rest_and_all_tasks,pca_fixed_components,1,correlation,48,10,50,10,0.0677271499520329,85,983,50,0.999999999999999,03-Apr-2026 20:58:57
553344,LR,schaefer100x7,triangle,rest_5min_and_tasks,each_task,rest_and_all_tasks,pca_fixed_components,1,correlation,48,9,50,10,0.0408347304780775,77,972,50,1,03-Apr-2026 20:58:57
459453,LR,schaefer100x7,triangle,rest_5min_and_tasks,each_task,rest_and_all_tasks,pca_fixed_components,1,correlation,48,9,50,10,0.137580751343201,91,1085,50,1,03-Apr-2026 20:59:05
561949,LR,schaefer100x7,triangle,rest_5min_and_tasks,each_task,rest_and_all_tasks,pca_fixed_components,1,correlation,48,10,50,10,0.0201145359009417,88,1033,50,1,03-Apr-2026 20:59:13
571144,LR,schaefer100x7,triangle,rest_5min_and_tasks,each_task,rest_and_all_tasks,pca_fixed_components,1,correlation,48,10,50,10,0.120841046478138,135,1741,50,1,03-Apr-2026 20:59:17
680250,LR,schaefer100x7,triangle,rest_5min_and_tasks,each_task,rest_and_all_tasks,pca_fixed_components,1,correlation,48,11,50,10,0.085880458085042,115,1346,50,1,03-Apr-2026 20:59:24
529953,LR,schaefer100x7,triangle,rest_5min_and_tasks,each_task,rest_and_all_tasks,pca_fixed_components,1,correlation,48,10,50,10,0.104939626411963,99,1215,50,1,03-Apr-2026 20:59:25
552544,LR,schaefer100x7,triangle,rest_5min_and_tasks,each_task,rest_and_all_tasks,pca_fixed_components,1,correlation,48,10,50,10,0.0923015897970487,94,1286,50,1,03-Apr-2026 20:59:29
510225,LR,schaefer100x7,triangle,rest_5min_and_tasks,each_task,rest_and_all_tasks,pca_fixed_components,1,correlation,48,10,50,10,0.0808041908522918,111,1396,50,1,03-Apr-2026 20:59:31
552241,LR,schaefer100x7,triangle,rest_5min_and_tasks,each_task,rest_and_all_tasks,pca_fixed_components,1,correlation,47,10,50,10,0.125353046274528,132,1652,50,1,03-Apr-2026 20:59:33
518746,LR,schaefer100x7,triangle,rest_5min_and_tasks,each_task,rest_and_all_tasks,pca_fixed_components,1,correlation,48,11,50,10,0.18331362644795,111,1296,50,1,03-Apr-2026 20:59:34
592455,LR,schaefer100x7,triangle,rest_5min_and_tasks,each_task,rest_and_all_tasks,pca_fixed_components,1,correlation,48,13,50,10,0.112308164032642,188,2527,50,1,03-Apr-2026 20:59:36
622236,LR,schaefer100x7,triangle,rest_5min_and_tasks,each_task,rest_and_all_tasks,pca_fixed_components,1,correlation,48,10,50,10,0.076590517530133,114,1526,50,1,03-Apr-2026 20:59:38
599671,LR,schaefer100x7,triangle,rest_5min_and_tasks,each_task,rest_and_all_tasks,pca_fixed_components,1,correlation,47,9,50,10,0.0356859074990943,81,910,50,1,03-Apr-2026 20:59:38
680452,LR,schaefer100x7,triangle,rest_5min_and_tasks,each_task,rest_and_all_tasks,pca_fixed_components,1,correlation,48,10,50,10,0.0826912271027434,121,1514,50,0.999999999999998,03-Apr-2026 20:59:43
529549,LR,schaefer100x7,triangle,rest_5min_and_tasks,each_task,rest_and_all_tasks,pca_fixed_components,1,correlation,48,10,50,10,0.0515493836340802,78,984,50,1,03-Apr-2026 20:59:44
656253,LR,schaefer100x7,triangle,rest_5min_and_tasks,each_task,rest_and_all_tasks,pca_fixed_components,1,correlation,48,10,50,10,0.0771650605282722,118,1335,50,1,03-Apr-2026 20:59:46
555954,LR,schaefer100x7,triangle,rest_5min_and_tasks,each_task,rest_and_all_tasks,pca_fixed_components,1,correlation,48,11,50,10,0.156061201680348,122,1395,50,1,03-Apr-2026 20:59:57
580751,LR,schaefer100x7,triangle,rest_5min_and_tasks,each_task,rest_and_all_tasks,pca_fixed_components,1,correlation,48,11,50,10,0.082385988019402,108,1405,50,1,03-Apr-2026 20:59:58
576255,LR,schaefer100x7,triangle,rest_5min_and_tasks,each_task,rest_and_all_tasks,pca_fixed_components,1,correlation,47,9,50,10,0.182677223799512,74,837,50,1,03-Apr-2026 21:00:02
516742,LR,schaefer100x7,triangle,rest_5min_and_tasks,each_task,rest_and_all_tasks,pca_fixed_components,1,correlation,47,10,50,10,0.123970339723792,112,1310,50,1,03-Apr-2026 21:00:06
499566,LR,schaefer100x7,triangle,rest_5min_and_tasks,each_task,rest_and_all_tasks,pca_fixed_components,1,correlation,48,11,50,10,0.126770773806614,95,1117,50,1,03-Apr-2026 21:00:08
465852,LR,schaefer100x7,triangle,rest_5min_and_tasks,each_task,rest_and_all_tasks,pca_fixed_components,1,correlation,48,11,50,10,0.153388700573512,134,1782,50,1,03-Apr-2026 21:00:14
461743,LR,schaefer100x7,triangle,rest_5min_and_tasks,each_task,rest_and_all_tasks,pca_fixed_components,1,correlation,48,10,50,10,0.116983677210845,114,1426,50,0.999999999999999,03-Apr-2026 21:00:17
358144,LR,schaefer100x7,triangle,rest_5min_and_tasks,each_task,rest_and_all_tasks,pca_fixed_components,1,correlation,48,10,50,10,0.133668806929472,131,1731,50,1,03-Apr-2026 21:00:20
561444,LR,schaefer100x7,triangle,rest_5min_and_tasks,each_task,rest_and_all_tasks,pca_fixed_components,1,correlation,48,11,50,10,0.0488442696614372,115,1403,50,1,03-Apr-2026 21:00:44
589567,LR,schaefer100x7,triangle,rest_5min_and_tasks,each_task,rest_and_all_tasks,pca_fixed_components,1,correlation,48,12,50,10,0.232471984632973,164,2136,50,0.999999999999999,03-Apr-2026 21:00:46
422632,LR,schaefer100x7,triangle,rest_5min_and_tasks,each_task,rest_and_all_tasks,pca_fixed_components,1,correlation,48,12,50,10,0.0721332415850918,132,1522,50,1,03-Apr-2026 21:00:47
567759,LR,schaefer100x7,triangle,rest_5min_and_tasks,each_task,rest_and_all_tasks,pca_fixed_components,1,correlation,48,13,50,10,0.105103804701105,156,1765,50,1,03-Apr-2026 21:00:49
579665,LR,schaefer100x7,triangle,rest_5min_and_tasks,each_task,rest_and_all_tasks,pca_fixed_components,1,correlation,48,11,50,10,0.070421081449852,113,1346,50,1,03-Apr-2026 21:01:00
679568,LR,schaefer100x7,triangle,rest_5min_and_tasks,each_task,rest_and_all_tasks,pca_fixed_components,1,correlation,48,10,50,10,0.0595006648266948,110,1441,50,1,03-Apr-2026 21:01:01
397760,LR,schaefer100x7,triangle,rest_5min_and_tasks,each_task,rest_and_all_tasks,pca_fixed_components,1,correlation,48,10,50,10,0.105459735697669,134,1601,50,1,03-Apr-2026 21:01:02
692964,LR,schaefer100x7,triangle,rest_5min_and_tasks,each_task,rest_and_all_tasks,pca_fixed_components,1,correlation,47,12,50,10,0.215263171291623,247,3032,50,1,03-Apr-2026 21:01:09
381543,LR,schaefer100x7,triangle,rest_5min_and_tasks,each_task,rest_and_all_tasks,pca_fixed_components,1,correlation,48,10,50,10,0.114120400922956,127,1586,50,1,03-Apr-2026 21:01:18
385046,LR,schaefer100x7,triangle,rest_5min_and_tasks,each_task,rest_and_all_tasks,pca_fixed_components,1,correlation,48,11,50,10,0.0916906246147934,119,1363,50,0.999999999999999,03-Apr-2026 21:01:19
419239,LR,schaefer100x7,triangle,rest_5min_and_tasks,each_task,rest_and_all_tasks,pca_fixed_components,1,correlation,46,10,50,10,0.0721199688712034,123,1437,50,1,03-Apr-2026 21:01:22
368753,LR,schaefer100x7,triangle,rest_5min_and_tasks,each_task,rest_and_all_tasks,pca_fixed_components,1,correlation,48,11,50,10,0.0963373539949889,100,1194,50,1,03-Apr-2026 21:01:23
378756,LR,schaefer100x7,triangle,rest_5min_and_tasks,each_task,rest_and_all_tasks,pca_fixed_components,1,correlation,48,11,50,10,0.0855534452325732,110,1354,50,0.999999999999999,03-Apr-2026 21:01:30
675661,LR,schaefer100x7,triangle,rest_5min_and_tasks,each_task,rest_and_all_tasks,pca_fixed_components,1,correlation,48,11,50,10,0.122075463643819,142,1627,50,1,03-Apr-2026 21:01:31
395756,LR,schaefer100x7,triangle,rest_5min_and_tasks,each_task,rest_and_all_tasks,pca_fixed_components,1,correlation,48,10,50,10,0.114844533164402,94,1072,50,1,03-Apr-2026 21:01:34
387959,LR,schaefer100x7,triangle,rest_5min_and_tasks,each_task,rest_and_all_tasks,pca_fixed_components,1,correlation,47,10,50,10,0.049688999242488,90,1090,50,1,03-Apr-2026 21:02:07
361234,LR,schaefer100x7,triangle,rest_5min_and_tasks,each_task,rest_and_all_tasks,pca_fixed_components,1,correlation,48,11,50,10,0.119721000716531,130,1664,50,0.999999999999999,03-Apr-2026 21:02:24
414229,LR,schaefer100x7,triangle,rest_5min_and_tasks,each_task,rest_and_all_tasks,pca_fixed_components,1,correlation,48,11,50,10,0.0790771678040877,102,1193,50,0.999999999999999,03-Apr-2026 21:02:37
391748,LR,schaefer100x7,triangle,rest_5min_and_tasks,each_task,rest_and_all_tasks,pca_fixed_components,1,correlation,48,10,50,10,0.115131759234369,147,1857,50,1,03-Apr-2026 21:03:32
555651,LR,schaefer100x7,triangle,rest_5min_and_tasks,each_task,rest_and_all_tasks,pca_fixed_components,1,correlation,48,61,50,10,0.19159432200117,464,8301,50,1,03-Apr-2026 21:04:16
468050,LR,schaefer100x7,triangle,rest_5min_and_tasks,each_task,rest_and_all_tasks,pca_fixed_components,1,correlation,47,59,50,10,0.209750517883565,827,21637,50,1,03-Apr-2026 21:06:23
947668,LR,schaefer100x7,triangle,rest_5min_and_tasks,each_task,rest_and_all_tasks,pca_fixed_components,1,correlation,46,10,50,10,0.122607600015542,97,1123,50,1,03-Apr-2026 21:11:57
955465,LR,schaefer100x7,triangle,rest_5min_and_tasks,each_task,rest_and_all_tasks,pca_fixed_components,1,correlation,48,9,50,10,0.116230229449766,106,1340,50,0.999999999999999,03-Apr-2026 21:11:58
835657,LR,schaefer100x7,triangle,rest_5min_and_tasks,each_task,rest_and_all_tasks,pca_fixed_components,1,correlation,48,9,50,10,0.066166679042598,82,1005,50,1,03-Apr-2026 21:12:10
837560,LR,schaefer100x7,triangle,rest_5min_and_tasks,each_task,rest_and_all_tasks,pca_fixed_components,1,correlation,48,11,50,10,0.109982315174349,119,1406,50,1,03-Apr-2026 21:13:17
756055,LR,schaefer100x7,triangle,rest_5min_and_tasks,each_task,rest_and_all_tasks,pca_fixed_components,1,correlation,46,12,50,10,0.148822146115972,156,2017,50,0.999999999999999,03-Apr-2026 21:13:27
749361,LR,schaefer100x7,triangle,rest_5min_and_tasks,each_task,rest_and_all_tasks,pca_fixed_components,1,correlation,47,13,50,10,0.121608415501992,148,1748,50,1,03-Apr-2026 21:14:15
894067,LR,schaefer100x7,triangle,rest_5min_and_tasks,each_task,rest_and_all_tasks,pca_fixed_components,1,correlation,48,10,50,10,0.0234769253897588,93,1082,50,0.999999999999999,03-Apr-2026 21:14:25
725751,LR,schaefer100x7,triangle,rest_5min_and_tasks,each_task,rest_and_all_tasks,pca_fixed_components,1,correlation,48,11,50,10,0.0758008651843587,120,1427,50,1,03-Apr-2026 21:14:34
727553,LR,schaefer100x7,triangle,rest_5min_and_tasks,each_task,rest_and_all_tasks,pca_fixed_components,1,correlation,48,11,50,10,0.130382546987911,126,1692,50,1,03-Apr-2026 21:14:36
877269,LR,schaefer100x7,triangle,rest_5min_and_tasks,each_task,rest_and_all_tasks,pca_fixed_components,1,correlation,48,22,50,10,0.171813533380504,206,2571,50,0.999999999999998,03-Apr-2026 21:14:47
865363,LR,schaefer100x7,triangle,rest_5min_and_tasks,each_task,rest_and_all_tasks,pca_fixed_components,1,correlation,48,11,50,10,0.082397200508738,120,1447,50,1,03-Apr-2026 21:15:20
361941,LR,schaefer100x7,triangle,rest_5min_and_tasks,each_task,rest_and_all_tasks,pca_fixed_components,1,correlation,48,67,50,10,0.275569073203026,658,13911,50,1,03-Apr-2026 21:16:26
