subject,LR_node_modularity,LR_edge_modularity,LR_triangle_modularity,RL_node_modularity,RL_edge_modularity,RL_triangle_modularity,both_node_modularity,both_edge_modularity,both_triangle_modularity
101410,0.24269820498843,0.377756958179206,0.434539999438341,0.190784473494645,0.48149294107773,0.54851195840402,0.216741339241537,0.429624949628468,0.49152597892118
103414,0.189398014493288,0.486300236356292,0.306562600440492,0.191173256697474,0.338628212600901,0.269721800682699,0.190285635595381,0.412464224478596,0.288142200561596
104820,0.183269747400781,0.3887360026917,0.226846563616342,0.240868584745905,0.551966251004452,0.393752898024829,0.212069166073343,0.470351126848076,0.310299730820585
108222,0.19103179533125,0.459701200794031,0.284239034216468,0.238281616508726,0.485559302037602,0.499120821559029,0.214656705919988,0.472630251415816,0.391679927887749
111514,0.181537682823377,0.419875788323309,0.360178188423057,0.22015829748218,0.507146137060078,0.441401725625357,0.200847990152778,0.463510962691694,0.400789957024207
113619,0.195369785183057,0.4917548563894,0.390053785266468,0.258613810866633,0.49467875210416,0.390490275770189,0.226991798024845,0.49321680424678,0.390272030518328
114116,0.194400635402882,0.434136748177003,0.414349668383077,0.166030241993176,0.373839294015103,0.330625754698967,0.180215438698029,0.403988021096053,0.372487711541022
115724,0.183062148925394,0.296398137236861,0.27421064397742,0.212851196034649,0.486941281535345,0.353793461964098,0.197956672480021,0.391669709386103,0.314002052970759
116221,0.20103490822854,0.471762808231063,0.468146230432378,0.182296963603304,0.457464866114646,0.333739168184392,0.191665935915922,0.464613837172854,0.400942699308385
118023,0.209119875469986,0.364661651455133,0.346522152678597,0.283760528125395,0.444120219852419,0.36351206525834,0.24644020179769,0.404390935653776,0.355017108968468
118225,0.200733363836541,0.539184732524345,0.489910714027005,0.17111474119123,0.515375398241798,0.418287360249214,0.185924052513885,0.527280065383071,0.45409903713811
119732,0.177176365941645,0.401171581774338,0.454337926616969,0.178675941809513,0.39980843381909,0.52272855239913,0.177926153875579,0.400490007796714,0.488533239508049
119833,0.220678138521905,0.359337757306357,0.250350688146916,0.287819997941813,0.434523401054284,0.352404402906431,0.254249068231859,0.39693057918032,0.301377545526674
120111,0.17502728687274,0.327377918978775,0.355865264647515,0.254926275194123,0.395107901259542,0.303802036907422,0.214976781033431,0.361242910119158,0.329833650777469
122418,0.220378328253032,0.45251855467097,0.462901266503234,0.17375182237006,0.569372046606592,0.635323902228577,0.197065075311546,0.510945300638781,0.549112584365905
124422,0.215067020883932,0.379786859041203,0.187875126846191,0.220829912598717,0.417530671370703,0.188685960863202,0.217948466741325,0.398658765205953,0.188280543854697
124624,0.263381662858,0.377317670933203,0.180669659303645,0.277661166988565,0.346231986145445,0.397956246079294,0.270521414923283,0.361774828539324,0.28931295269147
124826,0.197312513433412,0.440772615320636,0.434342950245973,0.261589918291697,0.451086143119491,0.453768601329531,0.229451215862554,0.445929379220063,0.444055775787752
125424,0.158219893518954,0.400986467758093,0.225436748794777,0.246268047190235,0.493345382353011,0.389798009119085,0.202243970354595,0.447165925055552,0.307617378956931
127226,0.245740082644628,0.416302606843064,0.220984899939451,0.222869750254588,0.425560001367939,0.293357355998473,0.234304916449608,0.420931304105502,0.257171127968962
129129,0.273864345706683,0.524014310763933,0.370017061746578,0.20852254610351,0.513813565896058,0.693486670465844,0.241193445905097,0.518913938329995,0.531751866106211
129937,0.237409550108633,0.486385454287458,0.52758401787443,0.216104346561528,0.388021566519441,0.223707814369894,0.22675694833508,0.43720351040345,0.375645916122162
130821,0.201928213154731,0.298261646566085,0.202375077369386,0.127168184839798,0.289494610403781,0.196778357551184,0.164548198997264,0.293878128484933,0.199576717460285
130922,0.203964901155965,0.460863226643185,0.303356454916538,0.236122911415822,0.447404391210827,0.350642664356997,0.220043906285893,0.454133808927006,0.326999559636768
131924,0.1697847463072,0.475688423295118,0.320113101393862,0.219999707815924,0.455635064940188,0.51901519393266,0.194892227061562,0.465661744117653,0.419564147663261
133625,0.22475995606576,0.441665285512117,0.382442579152022,0.165405899454725,0.566717960655797,0.544303910662556,0.195082927760242,0.504191623083957,0.463373244907289
134425,0.172830583162854,0.455776782635894,0.332464230270541,0.188931702030145,0.485036806655258,0.343264190286025,0.1808811425965,0.470406794645576,0.337864210278283
134728,0.202931061423288,0.414501022333454,0.298030455260886,0.250055978243123,0.441858002715266,0.395235782559533,0.226493519833205,0.42817951252436,0.34663311891021
135730,0.199024344617896,0.350164099053219,0.225700445929398,0.214382126901179,0.390327956856228,0.210088545598868,0.206703235759538,0.370246027954724,0.217894495764133
135932,0.202300273246219,0.42773449778505,0.251962123790296,0.207643408447699,0.490672099509288,0.396264143804319,0.204971840846959,0.459203298647169,0.324113133797307
136126,0.17319061702293,0.471973861088527,0.419142909023909,0.272580571788965,0.44477234206937,0.449323975481452,0.222885594405948,0.458373101578949,0.43423344225268
136732,0.112354640925345,0.256796800651382,0.0358968870327448,0.113199649353495,0.316486255273204,0.155207170954154,0.11277714513942,0.286641527962293,0.0955520289934494
137128,0.19912182762412,0.441074224376216,0.375902703261949,0.227079790545989,0.445671797250801,0.583811864943169,0.213100809085055,0.443373010813509,0.479857284102559
137633,0.149052347052018,0.361097538590692,0.367713129803862,0.136235520822009,0.496920590757522,0.319204708937604,0.142643933937013,0.429009064674107,0.343458919370733
137936,0.136834319526627,0.337672135107016,0.171935232125068,0.249617361459549,0.38891022709953,0.259344551806802,0.193225840493088,0.363291181103273,0.215639891965935
138231,0.136989554162967,0.529943195221945,0.474760081786438,0.222746099074993,0.581364775723387,0.373202749586653,0.17986782661898,0.555653985472666,0.423981415686546
140117,0.209414053589878,0.392840258532996,0.254314794482425,0.154152599838412,0.343873460454375,0.247015313714505,0.181783326714145,0.368356859493685,0.250665054098465
140824,0.120843557664551,0.316262159185527,0.184807258520979,0.195698192545536,0.357393324728195,0.205997096294511,0.158270875105044,0.336827741956861,0.195402177407745
141119,0.256332819374522,0.422319371468485,0.271508803862188,0.264739494782259,0.469595774555608,0.374677591344735,0.260536157078391,0.445957573012047,0.323093197603462
141422,0.222947350987273,0.406946337325713,0.518016674866184,0.13475048058439,0.466395935032627,0.527307408672962,0.178848915785832,0.43667113617917,0.522662041769573
141826,0.293063089495936,0.461618211196232,0.513740811603116,0.266933516229159,0.479668400523364,0.365919155824258,0.279998302862548,0.470643305859798,0.439829983713687
143325,0.158192098898146,0.357389065093055,0.239334410956083,0.159404715714935,0.324420757786425,0.320233270008914,0.15879840730654,0.34090491143974,0.279783840482498
143830,0.162549731301385,0.42346759551247,0.215157359562298,0.196228893659287,0.396296161163732,0.313350931753928,0.179389312480336,0.409881878338101,0.264254145658113
144731,0.165428114146063,0.421883268632231,0.166053069095626,0.108102290731249,0.315395024805656,0.218525688191959,0.136765202438656,0.368639146718943,0.192289378643793
145834,0.179740809855533,0.416605143657406,0.41309741346743,0.242539597000208,0.337431021346239,0.376166344103804,0.21114020342787,0.377018082501822,0.394631878785617
146331,0.148476705513824,0.340052565000122,0.23158107261393,0.159599983772161,0.43830991607488,0.376239424846038,0.154038344642992,0.389181240537501,0.303910248729984
146735,0.169233994653601,0.456459016216059,0.33521271155336,0.189177995660015,0.386493281515328,0.348822103460017,0.179205995156808,0.421476148865694,0.342017407506689
148032,0.156413601548691,0.346049713200775,0.333647677534354,0.254017439165882,0.389123197433941,0.275574165022957,0.205215520357286,0.367586455317358,0.304610921278656
148335,0.218354785948769,0.559591062314832,0.357384572834694,0.116008409329293,0.336741596704224,0.286848266285598,0.167181597639031,0.448166329509528,0.322116419560146
148436,0.195833154721079,0.405454950382272,0.451049755107976,0.292204662297048,0.471149138552186,0.454416046030777,0.244018908509063,0.438302044467229,0.452732900569377
149337,0.272682715535194,0.375153015691065,0.207888628566116,0.221435945890253,0.422374220000072,0.278660570982207,0.247059330712724,0.398763617845569,0.243274599774161
149539,0.255157529656679,0.41318733700512,0.359578609115463,0.165656795583304,0.448921338377111,0.327974686921236,0.210407162619991,0.431054337691116,0.34377664801835
150423,0.225908571428572,0.400539908052674,0.298626154255645,0.103478334447329,0.464234799210995,0.397031946505187,0.164693452937951,0.432387353631834,0.347829050380416
150625,0.158881126728951,0.350419645146348,0.251963626860609,0.281495144040928,0.371080792550145,0.334579808533162,0.22018813538494,0.360750218848246,0.293271717696886
151021,0.160834223642187,0.393543419665832,0.229452769746404,0.153604345679012,0.406820796210085,0.319254851616699,0.157219284660599,0.400182107937958,0.274353810681552
151829,0.223073022569221,0.445378796210827,0.272687253964496,0.240941514577268,0.48296011549546,0.319609437510059,0.232007268573244,0.464169455853144,0.296148345737277
152225,0.235408293309332,0.552207090714162,0.707332405255046,0.203911273897868,0.449180438626887,0.487017253476814,0.2196597836036,0.500693764670525,0.59717482936593
152831,0.196913369978525,0.595911952134069,0.483797706170977,0.250132784622883,0.749468225301369,0.69243903794105,0.223523077300704,0.672690088717719,0.588118372056013
153025,0.235426562680332,0.404162579536544,0.238355610858468,0.17072370198816,0.317080699205851,0.203427442165282,0.203075132334246,0.360621639371198,0.220891526511875
153429,0.202637066182024,0.372083662533461,0.497224379915505,0.229952911893644,0.446584153334182,0.479742071965003,0.216294989037834,0.409333907933822,0.488483225940254
153631,0.222489138790719,0.353093320483497,0.279105155889339,0.203136945754563,0.391423933566478,0.319067874441242,0.212813042272641,0.372258627024987,0.299086515165291
154431,0.297651163335774,0.489627613949019,0.284329464878327,0.198110181176334,0.564684141842353,0.524788548975203,0.247880672256054,0.527155877895686,0.404559006926765
155231,0.154011407224131,0.4261530634389,0.284582496987,0.244137128764561,0.422531865307532,0.35263047948771,0.199074267994346,0.424342464373216,0.318606488237355
155635,0.18332512097842,0.360819656321984,0.391191374482611,0.183425438495618,0.369197977987593,0.221115688380019,0.183375279737019,0.365008817154789,0.306153531431315
155938,0.207989351251288,0.467636425397302,0.309177540563781,0.211628827738315,0.435784815190522,0.393810345466481,0.209809089494802,0.451710620293912,0.351493943015131
157336,0.159579196384621,0.425107628283781,0.334250023364758,0.166382335515191,0.422866458020287,0.455754701740336,0.162980765949906,0.423987043152034,0.395002362552547
158035,0.281183760709999,0.609152830579016,0.552222278322014,0.247231233268888,0.529012438825837,0.547443778084918,0.264207496989444,0.569082634702426,0.549833028203466
158338,0.174290767794429,0.508875941698315,0.464806495192955,0.214957422250493,0.463734193567416,0.451186239398314,0.194624095022461,0.486305067632866,0.457996367295635
159946,0.188102938244327,0.449800771619409,0.73241251968192,0.167136015102129,0.498570332343906,0.489337241488781,0.177619476673228,0.474185551981658,0.610874880585351
160123,0.181127553677648,0.672068849553528,0.441160863976855,0.279626855689469,0.579377417896474,0.614700543470506,0.230377204683558,0.625723133725001,0.52793070372368
161327,0.166417913885473,0.27680446938022,0.180865971802382,0.250182756243784,0.438836917788396,0.231539941908968,0.208300335064629,0.357820693584308,0.206202956855675
161731,0.146330445653422,0.448006685840094,0.336835306602693,0.248955014521382,0.464204552624106,0.448972308768864,0.197642730087402,0.4561056192321,0.392903807685778
161832,0.15098156768382,0.270930061349691,0.18547057532735,0.236613911817181,0.43159319665398,0.225692942180651,0.193797739750501,0.351261629001835,0.205581758754001
162026,0.155880330299342,0.527289566701199,0.492432457410371,0.182816706773725,0.475053494645181,0.41848539287592,0.169348518536533,0.50117153067319,0.455458925143146
162329,0.16581981129314,0.352253067790359,0.285965080898404,0.214879146152349,0.481844944800696,0.477539210845067,0.190349478722744,0.417049006295527,0.381752145871736
162935,0.183264851892268,0.427228509760105,0.339830408260714,0.243125269826658,0.484604230282506,0.443372390955385,0.213195060859463,0.455916370021305,0.39160139960805
163129,0.135118973156637,0.451471042984239,0.411780776242405,0.163400693238249,0.356890208333334,0.450085661266446,0.149259833197443,0.404180625658787,0.430933218754425
163836,0.159609580048379,0.404474103237607,0.312011058484977,0.188586329300512,0.363740830610321,0.179587984077593,0.174097954674445,0.384107466923964,0.245799521281285
165436,0.195583213605533,0.374314897003261,0.319908669222407,0.198426421544201,0.384014295926337,0.297988264575417,0.197004817574867,0.379164596464799,0.308948466898912
165638,0.199158370246919,0.407446985866929,0.358869937745364,0.212554247051397,0.415581619125572,0.395716487667271,0.205856308649158,0.411514302496251,0.377293212706318
165941,0.197713439307472,0.444294952110679,0.296169011199551,0.198793323602528,0.529338721045504,0.417033779829638,0.198253381455,0.486816836578091,0.356601395514595
166438,0.152733180602587,0.341739220626576,0.320377929827273,0.18499680792256,0.430256942318838,0.369122068369236,0.168864994262574,0.385998081472707,0.344749999098254
166640,0.20184346559022,0.329385521919208,0.260612254256827,0.192005394175667,0.334474993820782,0.290211280369234,0.196924429882944,0.331930257869995,0.275411767313031
168240,0.191070529500614,0.378130599853363,0.329473285667032,0.170640091833874,0.368130853016228,0.241643535590466,0.180855310667244,0.373130726434796,0.285558410628749
169040,0.161306711375299,0.323896627688385,0.129371331661377,0.19431568074798,0.325509018526609,0.110159686480051,0.17781119606164,0.324702823107497,0.119765509070714
169747,0.107548159067844,0.395884551273753,0.195552039262216,0.143702449937237,0.36775074677374,0.208662024196483,0.125625304502541,0.381817649023746,0.20210703172935
170631,0.199812578092462,0.413024420059651,0.23043095969553,0.217869807785191,0.39918045377214,0.365911248806579,0.208841192938826,0.406102436915896,0.298171104251055
170934,0.200082335091089,0.480302080005886,0.571858921052144,0.231837611882446,0.513097295262385,0.559674372982764,0.215959973486767,0.496699687634136,0.565766647017454
171330,0.294485971934854,0.52503042654474,0.586906721598533,0.221823289029954,0.468375867932423,0.364220091376089,0.258154630482404,0.496703147238581,0.475563406487311
171633,0.285431984720792,0.401337296959947,0.31811655077754,0.147871585690261,0.37045496544039,0.208068955690293,0.216651785205526,0.385896131200169,0.263092753233916
171734,0.259423538825988,0.448859396934894,0.328562597699407,0.236815342430011,0.527584760050191,0.469276376495474,0.248119440628,0.488222078492543,0.398919487097441
172130,0.206698087665069,0.441298607145313,0.277632400686872,0.208811128926282,0.423059820882941,0.271782127387225,0.207754608295675,0.432179214014127,0.274707264037048
173334,0.169428806584362,0.499497308695387,0.444612814842156,0.251423776700231,0.442626929327817,0.61300126522441,0.210426291642297,0.471062119011602,0.528807040033283
173839,0.150354431977865,0.350586161711675,0.206644366040621,0.149001577876155,0.308647230172602,0.211722424702087,0.14967800492701,0.329616695942138,0.209183395371354
174437,0.219752111000502,0.475338177681067,0.48462560530817,0.242605331112036,0.629557846902465,0.537265220615149,0.231178721056269,0.552448012291766,0.51094541296166
175035,0.146239769823646,0.331512763592798,0.29994195966707,0.272235627843578,0.365857821795077,0.24087078389121,0.209237698833612,0.348685292693937,0.27040637177914
175136,0.203735205607214,0.442745744112196,0.532960670267207,0.253423573813325,0.507037375945909,0.411014914372306,0.228579389710269,0.474891560029053,0.471987792319756
175237,0.190227439649073,0.566110808641978,0.4868440184355,0.197355961118172,0.520336446904404,0.474382107662713,0.193791700383622,0.543223627773191,0.480613063049107
175439,0.160706843880182,0.53354222204738,0.299213305983961,0.235793779481132,0.488058870253184,0.419854776337775,0.198250311680657,0.510800546150282,0.359534041160868
176037,0.228328336376307,0.58055260636775,0.585669220520856,0.211056869352059,0.462586726222259,0.367300051732641,0.219692602864183,0.521569666295004,0.476484636126749
176239,0.223880897878659,0.333740276606106,0.27797062545893,0.193816937932198,0.313218844978171,0.209064606828617,0.208848917905429,0.323479560792138,0.243517616143773
176441,0.284234991789414,0.400499536154594,0.324990861465866,0.216034101086571,0.458546452076644,0.375659878002101,0.250134546437992,0.429522994115619,0.350325369733983
176845,0.171725382550016,0.48107738887986,0.270326790452575,0.165705048865694,0.53433370719528,0.302099156497295,0.168715215707855,0.50770554803757,0.286212973474935
177140,0.272647125908435,0.396186095382339,0.373402713087817,0.163478222433507,0.459515814124171,0.33705480505845,0.218062674170971,0.427850954753255,0.355228759073133
178243,0.180340514879526,0.33689820918561,0.252761960576543,0.203082366537497,0.314472059005742,0.214553339616717,0.191711440708511,0.325685134095676,0.23365765009663
178647,0.128269332510305,0.258445281854287,0.188641540431708,0.120864215027575,0.246403370580167,0.140100635055142,0.12456677376894,0.252424326217227,0.164371087743425
178748,0.203307708572593,0.42458994580854,0.287196492755379,0.210044114106101,0.321939019928533,0.277210395795936,0.206675911339347,0.373264482868537,0.282203444275657
179346,0.248452761971367,0.483442219882683,0.264807518729715,0.173319221243965,0.532792789988795,0.488313795627523,0.210885991607666,0.508117504935739,0.376560657178619
180937,0.156242114528828,0.515650438171912,0.655529581623566,0.205338803712309,0.516888844811354,0.609142763172424,0.180790459120569,0.516269641491633,0.632336172397995
181131,0.229018055152464,0.395918600430604,0.266760743487488,0.138710765999208,0.364733462336485,0.20513167059739,0.183864410575836,0.380326031383544,0.235946207042439
181636,0.147105331359954,0.279160740687819,0.213830249747554,0.185423054886924,0.329691404623075,0.268831053081393,0.166264193123439,0.304426072655447,0.241330651414473
182436,0.154535428728977,0.287935713525574,0.1601310249378,0.135103205743484,0.261737016653041,0.155752925710145,0.14481931723623,0.274836365089308,0.157941975323972
183034,0.182530284053834,0.414595136502794,0.31113913749589,0.227094072123629,0.348451469230351,0.307432301400059,0.204812178088732,0.381523302866572,0.309285719447975
183741,0.139437225284177,0.386015164275507,0.303586155712057,0.235171562587987,0.330285961964705,0.293397350607576,0.187304393936082,0.358150563120106,0.298491753159816
185139,0.122729668045715,0.45584933222729,0.541578259639072,0.113799074616511,0.400273114174808,0.348880913506974,0.118264371331113,0.428061223201049,0.445229586573023
185947,0.164935648793487,0.437083096077474,0.37789165984996,0.186926985427357,0.442522822798388,0.471670971126314,0.175931317110422,0.439802959437931,0.424781315488137
186848,0.239297406825581,0.610477524323459,0.390421645243786,0.222773760136168,0.504298034284311,0.46599168658494,0.231035583480874,0.557387779303885,0.428206665914363
187345,0.251522046365826,0.397354539448893,0.35076234544168,0.248264352225907,0.528902256910043,0.514877985607411,0.249893199295867,0.463128398179468,0.432820165524545
187547,0.139246096406884,0.487839521459261,0.361388132499838,0.209063542417276,0.398793302895494,0.26603405545936,0.17415481941208,0.443316412177377,0.313711093979599
187850,0.12561987453995,0.392681453505701,0.176998230443102,0.161262336826376,0.292808902551142,0.201039560813783,0.143441105683163,0.342745178028422,0.189018895628442
188347,0.232772744720491,0.486913337071055,0.483006790319529,0.154146418782775,0.460679903011074,0.413438304925742,0.193459581751633,0.473796620041064,0.448222547622635
188448,0.231478154858687,0.41378547503133,0.508825473432775,0.27027329608874,0.475382407783175,0.385862124120749,0.250875725473714,0.444583941407252,0.447343798776762
188549,0.212357952388145,0.411654271233307,0.464414612991063,0.176443049034658,0.417091710831519,0.328686915224218,0.194400500711401,0.414372991032413,0.396550764107641
188751,0.181737045813136,0.279481553552279,0.172030275675612,0.18794222936088,0.3706485127978,0.179473483743587,0.184839637587008,0.325065033175039,0.175751879709599
189652,0.255289895329915,0.441515746007104,0.416628881382001,0.249166946114,0.498143105055594,0.397894988698389,0.252228420721958,0.469829425531349,0.407261935040195
191235,0.171401923062329,0.312203506046342,0.239015944588449,0.300406689973175,0.313060567556618,0.239733730777731,0.235904306517752,0.31263203680148,0.23937483768309
191336,0.286573086256631,0.536328360304768,0.593098171046829,0.200763765522869,0.453408423932201,0.498176719457391,0.24366842588975,0.494868392118485,0.54563744525211
191841,0.124606630940083,0.453636564386625,0.48245197184126,0.15685128470656,0.447948445175223,0.204298926175249,0.140728957823322,0.450792504780924,0.343375449008255
191942,0.20678822726318,0.498884897365889,0.597638481186476,0.254862053812546,0.533756158622331,0.463884365124964,0.230825140537863,0.51632052799411,0.53076142315572
192237,0.239807760768957,0.292818036693437,0.214636374129937,0.213906550158297,0.255204662943226,0.195230787302554,0.226857155463627,0.274011349818332,0.204933580716246
192540,0.22728001747166,0.413317144371344,0.478589351636828,0.212799357073625,0.462389815652026,0.341201245560407,0.220039687272643,0.437853480011685,0.409895298598618
192843,0.225891515669001,0.412446258722276,0.465890327590646,0.214150711441966,0.395704518034142,0.53913422659294,0.220021113555484,0.404075388378209,0.502512277091793
193239,0.217923276072388,0.38063595328433,0.320588347218334,0.190535286247463,0.483274155808321,0.291943890494134,0.204229281159926,0.431955054546325,0.306266118856234
194140,0.141484693476897,0.460593045265156,0.29297895333832,0.253053588396002,0.43175520531065,0.450740507668377,0.197269140936449,0.446174125287903,0.371859730503349
194443,0.26720866640875,0.349794431724982,0.286561920028061,0.281626555092209,0.461642862173136,0.41525146301466,0.27441761075048,0.405718646949059,0.350906691521361
194645,0.250412995162139,0.400095921628039,0.388943274710275,0.210089035079566,0.426266811926534,0.314288406227377,0.230251015120852,0.413181366777286,0.351615840468826
194847,0.185151482395024,0.412333098604026,0.321576013269539,0.262146650927469,0.556348018242192,0.52851391486611,0.223649066661247,0.484340558423109,0.425044964067824
195445,0.246126147884271,0.363510366299391,0.276593811207563,0.216001943689614,0.452924958290024,0.212427641739887,0.231064045786943,0.408217662294707,0.244510726473725
195849,0.201252829334541,0.362717619498162,0.458951910131036,0.165183539852518,0.290883124219018,0.193378525967477,0.18321818459353,0.32680037185859,0.326165218049256
195950,0.187237490519059,0.407754990925765,0.248032667671577,0.180472400966877,0.340539738119654,0.263431742086734,0.183854945742968,0.374147364522709,0.255732204879155
196851,0.163871706233832,0.402480557815178,0.328406037105499,0.236842051094154,0.404394971179943,0.329411071897841,0.200356878663993,0.403437764497561,0.32890855450167
197348,0.237016140759052,0.373531399878147,0.338717347140011,0.204156990642716,0.474983157442931,0.427225330037832,0.220586565700884,0.424257278660539,0.382971338588922
198047,0.21946293431121,0.418404811087307,0.330407156423888,0.198868578465752,0.420078211504549,0.344553519305052,0.209165756388481,0.419241511295928,0.33748033786447
198350,0.196159783191761,0.305705466491898,0.131479006796574,0.187288174361991,0.429764564044664,0.459500552716891,0.191723978776876,0.367735015268281,0.295489779756733
198653,0.1248301228696,0.332293750441355,0.346641276967543,0.21940313314343,0.374692656333281,0.203873190310056,0.172116628006515,0.353493203387318,0.2752572336388
199150,0.201500148440859,0.292869159995828,0.256514277088227,0.184724681349859,0.408894931248376,0.329271663790462,0.193112414895359,0.350882045622102,0.292892970439344
199453,0.211521220138239,0.392690153570876,0.226364532605221,0.2114182864924,0.456174348241113,0.443349124827487,0.21146975331532,0.424432250905995,0.334856828716354
200008,0.222910534972299,0.517910529079881,0.316264841512195,0.283673369780883,0.425148052290673,0.335711817528508,0.253291952376591,0.471529290685277,0.325988329520352
200109,0.2467291680714,0.386853145151723,0.407053786805772,0.171502070756206,0.551464114614457,0.533171174135627,0.209115619413803,0.46915862988309,0.470112480470699
200210,0.238198853338721,0.476624453924698,0.502368619093413,0.275427319211103,0.46093448653415,0.286212894718426,0.256813086274912,0.468779470229424,0.39429075690592
200311,0.197931363656723,0.432313463280844,0.351306173787302,0.155469117484925,0.443167619005219,0.388914474785854,0.176700240570824,0.437740541143032,0.370110324286578
201111,0.211944363735537,0.585632227471607,0.583659070623458,0.229693916173796,0.554684958004481,0.503339123462198,0.220819139954667,0.570158592738044,0.543499097042828
201515,0.123947284514826,0.351040724019881,0.165161601571752,0.207793789852599,0.352091375630488,0.297926013706805,0.165870537183713,0.351566049825184,0.231543807639279
202719,0.210302267183059,0.408056011584912,0.324812866210924,0.203375552208142,0.485691287248778,0.331056693902917,0.2068389096956,0.446873649416845,0.32793478005692
202820,0.170332083813918,0.537582414135013,0.345409308548017,0.203263638136885,0.399482899435096,0.439504575308146,0.186797860975402,0.468532656785055,0.392456941928082
203923,0.109433098619074,0.43543537641881,0.279788590449948,0.150331235104372,0.458210690850632,0.15945046914603,0.129882166861723,0.446823033634721,0.219619529797989
204319,0.246096163738514,0.468336901631869,0.296547894332702,0.226943926025781,0.421257412072279,0.384419976241678,0.236520044882148,0.444797156852074,0.34048393528719
204521,0.251308509244862,0.476156172523873,0.505542916264922,0.186038498296022,0.466348439314253,0.443119229416261,0.218673503770442,0.471252305919063,0.474331072840592
204622,0.179627578828666,0.425223553604804,0.291069474538842,0.197952931594891,0.425242209375737,0.308130450871493,0.188790255211779,0.42523288149027,0.299599962705168
205220,0.218749022837928,0.393813113042318,0.264424435197594,0.185687091347118,0.439381662988185,0.381877212598078,0.202218057092523,0.416597388015251,0.323150823897836
205725,0.162251262680172,0.455964282760954,0.363040379567302,0.212629421116361,0.559328368285969,0.394632582158226,0.187440341898266,0.507646325523462,0.378836480862764
206222,0.197892783238707,0.332085527570085,0.187425771692961,0.209406172867236,0.385515935587462,0.396761384939266,0.203649478052972,0.358800731578774,0.292093578316113
206525,0.214907624012231,0.387584573398596,0.421679382631335,0.215103092473256,0.343484342322999,0.256709068926902,0.215005358242744,0.365534457860798,0.339194225779119
206828,0.161404427444998,0.392608176915028,0.271260905209422,0.121971234406494,0.469947938842739,0.329417705379364,0.141687830925746,0.431278057878884,0.300339305294393
206929,0.258951476702366,0.451862850144557,0.347386988792765,0.275994040698686,0.379527814902167,0.343747186981375,0.267472758700526,0.415695332523362,0.34556708788707
207123,0.240623774207479,0.326399284451655,0.154953556844771,0.163631089907082,0.417389862957038,0.451487183043909,0.202127432057281,0.371894573704347,0.30322036994434
208024,0.25976707209531,0.455020606321471,0.335969396941655,0.12164810516584,0.283153393879155,0.140866305832671,0.190707588630575,0.369087000100313,0.238417851387163
209127,0.205537060641361,0.357067139182546,0.201681196919355,0.187733591697127,0.325002682082271,0.223910043975454,0.196635326169244,0.341034910632409,0.212795620447404
209228,0.175632999776565,0.465741647091207,0.643674435279274,0.194174501995255,0.502610614312137,0.472879781075974,0.18490375088591,0.484176130701672,0.558277108177624
209834,0.204272692632753,0.352638915961237,0.264977245659316,0.219457884152613,0.2410831057901,0.120919160006113,0.211865288392683,0.296861010875669,0.192948202832715
210415,0.169410627179753,0.359208741654863,0.283652764104662,0.16216637671837,0.382002717444714,0.214544420560679,0.165788501949062,0.370605729549788,0.249098592332671
210617,0.266337407753475,0.414666199228565,0.330509998348378,0.262681603253546,0.380706642648067,0.348996311780346,0.26450950550351,0.397686420938316,0.339753155064362
211215,0.246376777412148,0.48138887283521,0.427108826778564,0.209527133910124,0.534321052345482,0.513524763956392,0.227951955661136,0.507854962590346,0.470316795367478
211316,0.206907277068931,0.549758518581898,0.60011912019388,0.285818492205413,0.564367126359187,0.457943554816679,0.246362884637172,0.557062822470543,0.52903133750528
211417,0.148610746913221,0.45840507864601,0.472882671352315,0.239858087358816,0.542619685019301,0.586045044843079,0.194234417136018,0.500512381832656,0.529463858097697
211619,0.219794286432548,0.373357641385168,0.255043253406651,0.215699944465804,0.395801714228738,0.350675147083654,0.217747115449176,0.384579677806953,0.302859200245153
211720,0.203283350399076,0.499092590927891,0.260039578838161,0.289721275920743,0.453491361192803,0.363730063215503,0.24650231315991,0.476291976060347,0.311884821026832
211821,0.167525432685956,0.48356288885939,0.322866321834382,0.262407436496451,0.52305333866945,0.431380978940146,0.214966434591203,0.50330811376442,0.377123650387264
211922,0.192515674906237,0.332919633735956,0.250334912719362,0.194558357550506,0.40421176822771,0.265908169517223,0.193537016228371,0.368565700981833,0.258121541118292
212116,0.236098449681771,0.42763288579253,0.377121718022119,0.190433076807002,0.359450318998106,0.450279237091512,0.213265763244387,0.393541602395318,0.413700477556815
212419,0.215330660692933,0.446921594100469,0.403191399310841,0.218123003232942,0.451886359119647,0.293623008330356,0.216726831962938,0.449403976610058,0.348407203820599
212823,0.223490147380382,0.467375225218569,0.397869266221833,0.263869297357253,0.419300823371219,0.262669293246999,0.243679722368818,0.443338024294894,0.330269279734416
214019,0.197144159208297,0.495423921632653,0.517402366529985,0.241969688688802,0.597726134036568,0.446615969159211,0.21955692394855,0.546575027834611,0.482009167844598
214524,0.239609549367627,0.455524171329374,0.514119585841412,0.119532784034949,0.488666396250236,0.539508565766264,0.179571166701288,0.472095283789805,0.526814075803838
214726,0.217063426991104,0.481702440445289,0.351027048138324,0.194212243659966,0.431644451351097,0.468287561847053,0.205637835325535,0.456673445898193,0.409657304992688
217126,0.226945201626401,0.292850155630303,0.236997446815879,0.118717756102071,0.350870357645897,0.230593677097164,0.172831478864236,0.3218602566381,0.233795561956522
217429,0.205018370764064,0.537579688476555,0.427383487767859,0.167679896326781,0.522802947245566,0.387973502006274,0.186349133545423,0.53019131786106,0.407678494887067
223929,0.225562858379461,0.30072088685033,0.190208148098843,0.162268544680339,0.382622718401907,0.213359470002628,0.1939157015299,0.341671802626119,0.201783809050736
224022,0.287296253313126,0.435767275587211,0.480623174550705,0.192504596755608,0.408744165545759,0.29117313679644,0.239900425034367,0.422255720566485,0.385898155673573
227533,0.227010392996494,0.420803989967763,0.379615460951615,0.225933671201134,0.467055115928877,0.290461658928598,0.226472032098814,0.44392955294832,0.335038559940107
228434,0.159970874440678,0.373024823240918,0.31117663102645,0.142508516771488,0.426677812119785,0.32239441002128,0.151239695606083,0.399851317680352,0.316785520523865
231928,0.194215811099092,0.486040786298958,0.308987354039388,0.206804348260036,0.47974777362663,0.273664110468496,0.200510079679564,0.482894279962794,0.291325732253942
233326,0.156091212526411,0.441500664268236,0.199428303850155,0.19750595443067,0.420477239411951,0.310336056658791,0.17679858347854,0.430988951840093,0.254882180254473
237334,0.287981985219937,0.423691711167222,0.475055382379473,0.25235639642101,0.381894647640519,0.302549842574166,0.270169190820474,0.40279317940387,0.388802612476819
238033,0.208398828365495,0.369828469838137,0.277859542078537,0.212688859733828,0.372364152130926,0.243578572202774,0.210543844049662,0.371096310984531,0.260719057140656
239136,0.185224169321802,0.645768455691639,0.453577577016387,0.242808612782144,0.531640919772928,0.538690918641979,0.214016391051973,0.588704687732283,0.496134247829183
246133,0.189481864944738,0.431435610405743,0.42719918733132,0.19146538440744,0.407326383723934,0.532687822434825,0.190473624676089,0.419380997064839,0.479943504883073
248339,0.24032329933021,0.402247265375415,0.354746137400668,0.170142346964438,0.364617913832195,0.326602257943214,0.205232823147324,0.383432589603805,0.340674197671941
250427,0.15813389407795,0.27252385202907,0.156763866508955,0.223832267692737,0.314075133298952,0.280975838482537,0.190983080885343,0.293299492664011,0.218869852495746
250932,0.162258690828402,0.420958861318491,0.288240030202172,0.193571918367347,0.537556750471757,0.572051135187851,0.177915304597874,0.479257805895124,0.430145582695011
255639,0.234225973105345,0.413240224222654,0.461066771531069,0.200391308420622,0.440539613042647,0.43711052149209,0.217308640762984,0.42688991863265,0.44908864651158
255740,0.17777704928781,0.418574182486044,0.338166356147654,0.262942936288089,0.404853584514116,0.342776635917434,0.220359992787949,0.41171388350008,0.340471496032544
256540,0.137673141503945,0.408207967690876,0.288711621815496,0.227121691200336,0.409254470479177,0.290852190873305,0.182397416352141,0.408731219085027,0.2897819063444
257542,0.218263308353399,0.36218884469336,0.294867629204773,0.225298386563513,0.37545286291494,0.177991726886828,0.221780847458456,0.36882085380415,0.236429678045801
257845,0.180531494329086,0.336234901372124,0.33952118348463,0.239018901678318,0.420974718787583,0.219680266490588,0.209775198003702,0.378604810079853,0.279600724987609
268850,0.237000183654729,0.565608393205893,0.62625955395462,0.276815716750782,0.592432675150984,0.50087936715985,0.256907950202755,0.579020534178438,0.563569460557235
270332,0.233951895466345,0.421966713050233,0.310827951638068,0.232118983729848,0.545689976963429,0.444984561169457,0.233035439598096,0.483828345006831,0.377906256403763
280739,0.246978735424148,0.481470301114562,0.512418661857495,0.281947087651293,0.676780012671794,0.56334890168906,0.264462911537721,0.579125156893178,0.537883781773278
283543,0.225717642831458,0.40621626643996,0.214147346499368,0.204041013228701,0.348805500559467,0.250962037464657,0.21487932803008,0.377510883499714,0.232554691982013
284646,0.223108342945021,0.36518124195407,0.419947144870133,0.214984924264043,0.432055984529073,0.241501173590075,0.219046633604532,0.398618613241571,0.330724159230104
285345,0.179064575734616,0.499057067582562,0.606297887510834,0.233511682935406,0.524340179846152,0.342376624119277,0.206288129335011,0.511698623714357,0.474337255815055
290136,0.175003345890263,0.369189475694939,0.412523152197577,0.22455083158899,0.409300746691257,0.393052366438807,0.199777088739627,0.389245111193098,0.402787759318192
293748,0.222443454682998,0.559976462331382,0.563393235772275,0.213444304417839,0.372458888767518,0.43728730262919,0.217943879550418,0.46621767554945,0.500340269200732
297655,0.20253238771204,0.500682037617963,0.440121620308213,0.162608873365042,0.52070335706685,0.45276080215944,0.182570630538541,0.510692697342407,0.446441211233827
298455,0.17749054130099,0.345999404111143,0.405454365732814,0.221128455004368,0.431346018575531,0.369997629391641,0.199309498152679,0.388672711343337,0.387725997562227
299154,0.152186666763537,0.389328619539246,0.338730245890861,0.179315984386131,0.328643851634097,0.375812498842553,0.165751325574834,0.358986235586672,0.357271372366707
300618,0.204323380690221,0.334858303985594,0.316632965854594,0.212000192889274,0.412704892983974,0.490964013557845,0.208161786789748,0.373781598484784,0.40379848970622
300719,0.27582084396385,0.47268765672811,0.514405847495487,0.179031297479852,0.421237364331908,0.487744978644445,0.227426070721851,0.446962510530009,0.501075413069966
303624,0.22212176636045,0.310924265704763,0.190351743162904,0.2991219318315,0.435830249761706,0.347717797129614,0.260621849095975,0.373377257733234,0.269034770146259
304727,0.157352156605245,0.352033489455955,0.167248255105229,0.243910396986014,0.379131775497911,0.354918699365814,0.20063127679563,0.365582632476933,0.261083477235521
305830,0.216946951064561,0.449042275901642,0.306782828047632,0.180039040355726,0.597155009364878,0.481476027902112,0.198492995710144,0.52309864263326,0.394129427974872
308129,0.239326452890635,0.288555104026868,0.199355317510328,0.193588032846275,0.302410284779866,0.213288788791478,0.216457242868455,0.295482694403367,0.206322053150903
316835,0.23948848855359,0.433436648472034,0.385765412587755,0.165901029714965,0.403262061934397,0.3811009208556,0.202694759134278,0.418349355203215,0.383433166721677
317332,0.244901326414386,0.379888343753157,0.384617904770736,0.244423397113804,0.388628086755557,0.405993902506904,0.244662361764095,0.384258215254357,0.39530590363882
320826,0.20907055785124,0.380013311476216,0.245800453576555,0.198247177216387,0.399199719204467,0.407292359583659,0.203658867533814,0.389606515340342,0.326546406580107
322224,0.227402016608194,0.571113496855198,0.54474075306175,0.276741142880593,0.645318571539767,0.701083463822859,0.252071579744393,0.608216034197482,0.622912108442304
325129,0.162408959198058,0.390904068056259,0.296555517062113,0.269104544840323,0.513254703777142,0.422015562358852,0.21575675201919,0.4520793859167,0.359285539710482
329440,0.248409311300368,0.317045041347953,0.240794237338071,0.0858709846328426,0.339182637896331,0.262927192526466,0.167140147966605,0.328113839622142,0.251860714932269
330324,0.1822950773651,0.45742857173226,0.391773613611144,0.252211902705396,0.44493170298509,0.421272637551982,0.217253490035248,0.451180137358675,0.406523125581563
333330,0.189124722137576,0.368236330830161,0.385527837997873,0.202723706962315,0.471107504073976,0.45005521694342,0.195924214549946,0.419671917452068,0.417791527470647
334635,0.180811888448514,0.447298706920969,0.360430861667464,0.211363063177201,0.486240465124284,0.418727354550829,0.196087475812858,0.466769586022627,0.389579108109147
339847,0.258609228424946,0.3769432992649,0.234592657397102,0.157548504957152,0.361475600925927,0.21259841873219,0.208078866691049,0.369209450095414,0.223595538064646
341834,0.289021765171822,0.339950529403965,0.430877151000089,0.210515997421683,0.391467688873985,0.442798076211425,0.249768881296753,0.365709109138975,0.436837613605757
342129,0.169953341023743,0.393347921696648,0.653694633035875,0.158062727801934,0.371729194680323,0.382570220504092,0.164008034412839,0.382538558188485,0.518132426769984
346137,0.158699980217683,0.43021302317238,0.478205231918434,0.222766191970237,0.593000456965221,0.302984434065526,0.19073308609396,0.5116067400688,0.39059483299198
346945,0.189456016346615,0.447572693458123,0.371367768956919,0.165556213421439,0.545357392228187,0.462611073905528,0.177506114884027,0.496465042843155,0.416989421431224
352132,0.167506106985977,0.482262141695749,0.595303661903995,0.197691025135358,0.320768127402799,0.405643225713878,0.182598566060667,0.401515134549274,0.500473443808936
352738,0.271412140665711,0.448590299632573,0.408014983996001,0.17377100851825,0.455869365643415,0.361327213570573,0.222591574591981,0.452229832637994,0.384671098783287
353740,0.198664792885141,0.377781491700661,0.299968473167729,0.208767220404467,0.379650368495702,0.456541607466035,0.203716006644804,0.378715930098181,0.378255040316882
355239,0.140456813811227,0.444610171026787,0.620307717675669,0.203493650485812,0.506591904340349,0.347990683571646,0.17197523214852,0.475601037683568,0.484149200623657
356948,0.1994702012459,0.488859512015536,0.344481497285373,0.206057659671043,0.483569910694656,0.330127780522485,0.202763930458472,0.486214711355096,0.337304638903929
360030,0.235094403756388,0.388684475731767,0.443374610862541,0.2773876091414,0.416727469234484,0.306067489194248,0.256241006448894,0.402705972483126,0.374721050028395
365343,0.178726313745835,0.391411704026974,0.229236108015097,0.254627244684538,0.582645444151162,0.38130055358808,0.216676779215187,0.487028574089068,0.305268330801588
366042,0.224389234623043,0.403263106912434,0.239744609521095,0.214437308375296,0.3919161509576,0.301894648276762,0.21941327149917,0.397589628935017,0.270819628898929
371843,0.189357321876119,0.389090527656777,0.483643189675348,0.221299936602418,0.438729483155397,0.383765306927938,0.205328629239269,0.413910005406087,0.433704248301643
376247,0.20528270341059,0.432937209379794,0.488815491780875,0.151155472875085,0.377509703468562,0.357879683049921,0.178219088142837,0.405223456424178,0.423347587415398
377451,0.268124509377083,0.362446555667303,0.208595878362024,0.190724508507033,0.357807383104622,0.218163815807832,0.229424508942058,0.360126969385963,0.213379847084928
378857,0.167805644630381,0.47998988319256,0.473101696082377,0.217054937852308,0.478868820331983,0.505175582909888,0.192430291241345,0.479429351762272,0.489138639496132
379657,0.230444026898734,0.427560202823095,0.261905618389342,0.155101125,0.345632249441705,0.300808208062656,0.192772575949367,0.3865962261324,0.281356913225999
380036,0.231293149027685,0.442843424091856,0.505115188737816,0.244803561625094,0.548622072803642,0.468172994160927,0.23804835532639,0.495732748447749,0.486644091449371
381038,0.235230080617753,0.462008193838886,0.295210690022812,0.229272010539508,0.403965201670386,0.300091143295077,0.23225104557863,0.432986697754636,0.297650916658944
382242,0.120616433754367,0.281262954121584,0.113085243153433,0.0898490208394677,0.271119504252152,0.129061233904499,0.105232727296917,0.276191229186868,0.121073238528966
385450,0.24564695708572,0.412182362628637,0.372884315129521,0.133736362436368,0.371312980633642,0.338768033709581,0.189691659761044,0.391747671631139,0.355826174419551
386250,0.194777716220376,0.487498975164184,0.407931214596879,0.229151963652894,0.402349834538228,0.488478562694856,0.211964839936635,0.444924404851206,0.448204888645867
389357,0.272993218430455,0.385868385803129,0.44284022308689,0.236901112988754,0.407195324254475,0.436198688731272,0.254947165709605,0.396531855028802,0.439519455909081
390645,0.206758851655863,0.340101245105167,0.265501830663231,0.206170314556148,0.44235583563306,0.279017475695524,0.206464583106006,0.391228540369113,0.272259653179378
392447,0.213320943249851,0.345895975901309,0.171963965758288,0.194244604316546,0.290570412289345,0.116404932028655,0.203782773783199,0.318233194095327,0.144184448893472
392750,0.246380062821129,0.332945203255205,0.334651853184366,0.172226126473143,0.376938004697241,0.288033608035961,0.209303094647136,0.354941603976223,0.311342730610163
393247,0.163627638624902,0.376480187858132,0.329764175718889,0.167052509710322,0.489010952616636,0.219693202606221,0.165340074167612,0.432745570237384,0.274728689162555
393550,0.260875919272368,0.405233081450073,0.394497904569332,0.19716041895458,0.447528508036372,0.383935808027639,0.229018169113474,0.426380794743222,0.389216856298485
394956,0.284455400088954,0.408062430112648,0.439923058068164,0.244446673653416,0.514180243633153,0.446256942035309,0.264451036871185,0.4611213368729,0.443090000051736
395251,0.208899589734129,0.445201597031842,0.248205385651874,0.131137861210024,0.492245431353013,0.384408010468919,0.170018725472076,0.468723514192428,0.316306698060396
395958,0.202661109450699,0.360686459905577,0.25236282157071,0.152867155948387,0.442626212662427,0.282141201341912,0.177764132699543,0.401656336284002,0.267252011456311
397154,0.306810675122209,0.510456924251707,0.50235348765281,0.176484104198032,0.485057418063475,0.421704391368986,0.241647389660121,0.497757171157591,0.462028939510898
397861,0.243422111474499,0.410634725827372,0.44004123302558,0.207187484926391,0.513613858393175,0.446284339240698,0.225304798200445,0.462124292110274,0.443162786133139
401422,0.208662527831411,0.50526029672076,0.569903947606109,0.195546805412584,0.481638071836965,0.645027609518658,0.202104666621997,0.493449184278863,0.607465778562383
406432,0.179549884962481,0.389561026491427,0.277592701036278,0.205016164734192,0.426940434522179,0.331086827385497,0.192283024848337,0.408250730506803,0.304339764210887
406836,0.164799258872346,0.435000193006728,0.364326203941268,0.232142545063294,0.42738897845811,0.348198508274131,0.19847090196782,0.431194585732419,0.3562623561077
412528,0.181585487528345,0.505281735689838,0.366615838018773,0.181827567825379,0.392391716337621,0.335178507041552,0.181706527676862,0.448836726013729,0.350897172530163
413934,0.169776424187262,0.45090786921009,0.463531159274502,0.231676823792818,0.497380363988436,0.424049096647598,0.20072662399004,0.474144116599263,0.44379012796105
415837,0.199076732404375,0.46642855804893,0.422865890617473,0.228714712371255,0.403594439815618,0.255466045935718,0.213895722387815,0.435011498932274,0.339165968276596
421226,0.277025785421517,0.57712454139911,0.537953627337155,0.196282455918865,0.516989025265841,0.39577667322373,0.236654120670191,0.547056783332476,0.466865150280443
424939,0.223521995864097,0.390441690582273,0.340396648301189,0.256612487715343,0.475060693499288,0.363158127216026,0.24006724178972,0.43275119204078,0.351777387758608
432332,0.240361395102704,0.40096508623273,0.567443213670397,0.261665057592169,0.492614977083682,0.397672579758892,0.251013226347437,0.446790031658206,0.482557896714644
433839,0.0763935062729016,0.366848216235899,0.473502470773795,0.124823619281961,0.33969516206865,0.30981850329075,0.100608562777431,0.353271689152275,0.391660487032273
436239,0.213747443755413,0.443206332274228,0.316580041417695,0.173417323210687,0.511434547345409,0.347763787138049,0.19358238348305,0.477320439809819,0.332171914277872
441939,0.197796570699254,0.515395852778498,0.406005051903106,0.102162668489019,0.397313839797266,0.272300594618348,0.149979619594136,0.456354846287882,0.339152823260727
445543,0.210425005319486,0.457509679234599,0.4201056639865,0.226031173729366,0.464833825677154,0.365500186982394,0.218228089524426,0.461171752455876,0.392802925484447
448347,0.27597067647763,0.408438808332229,0.485462205330126,0.139121107277958,0.413287572624667,0.382901941986567,0.207545891877794,0.410863190478448,0.434182073658346
449753,0.221563042534722,0.417881565792912,0.316137337976127,0.2561759244701,0.437826447988502,0.400158894183284,0.238869483502411,0.427854006890707,0.358148116079705
453441,0.282497234566943,0.471957801333107,0.325731581168822,0.155395356675681,0.507782411126287,0.290662716430389,0.218946295621312,0.489870106229697,0.308197148799605
454140,0.180515925069457,0.309147488790155,0.354772861186412,0.152212987617581,0.56856077999662,0.333201662354696,0.166364456343519,0.438854134393387,0.343987261770554
456346,0.214200697123875,0.357185716164033,0.297332900980791,0.264541350117733,0.388736550720234,0.458062535521614,0.239371023620804,0.372961133442133,0.377697718251203
463040,0.249142763007131,0.541250809098216,0.392294712960758,0.191941670261342,0.536668811032323,0.33255364086023,0.220542216634237,0.538959810065269,0.362424176910494
467351,0.172888654749504,0.449709959074569,0.586536782253279,0.243608174423831,0.503850758269437,0.453767069814418,0.208248414586667,0.476780358672003,0.520151926033849
469961,0.219103482651666,0.432113983812698,0.272621573515736,0.18192036990279,0.38766201618364,0.438989070536907,0.200511926277228,0.409887999998169,0.355805322026322
473952,0.245742536969474,0.450577927166268,0.298482998824152,0.198308734435111,0.411488286219688,0.26895905327675,0.222025635702293,0.431033106692978,0.283721026050451
475855,0.164730460226145,0.388625057894613,0.328132775233899,0.255216312734549,0.415698326612312,0.272834294691359,0.209973386480347,0.402161692253462,0.300483534962629
479762,0.150620049334951,0.39890613420529,0.337835856329041,0.290495972722784,0.468270811808759,0.344548558020156,0.220558011028867,0.433588473007025,0.341192207174599
481042,0.199935917786722,0.437062811767526,0.317941914037973,0.227834497268737,0.427948622022696,0.257186403669462,0.213885207527729,0.432505716895111,0.287564158853717
481951,0.239035964649895,0.39100100883046,0.378267683565065,0.231154462067526,0.381829222027924,0.269042766935617,0.23509521335871,0.386415115429192,0.323655225250341
485757,0.196494432853679,0.459068386575418,0.403482891816628,0.185746325728686,0.534496778242471,0.573071893648198,0.191120379291183,0.496782582408944,0.488277392732413
486759,0.233463331236593,0.429341506785007,0.311331966412866,0.218344660225927,0.496406752154345,0.327127085105421,0.22590399573126,0.462874129469676,0.319229525759143
492754,0.273971395427795,0.374658788656264,0.234795337580633,0.230338390322521,0.418588759973167,0.347871845126135,0.252154892875158,0.396623774314716,0.291333591353384
495255,0.264492854460036,0.423648958963513,0.189573892809601,0.220442834284433,0.423591377837119,0.423818930658987,0.242467844372235,0.423620168400316,0.306696411734294
497865,0.25075773005143,0.484830930047807,0.574616852875276,0.314568245070591,0.475545206648473,0.316969342201874,0.28266298756101,0.48018806834814,0.445793097538575
500222,0.132095836025568,0.349561583464921,0.278797139468593,0.230647918292333,0.361076065593434,0.305726904394031,0.18137187715895,0.355318824529178,0.292262021931312
506234,0.101574996364694,0.387322360841004,0.356566926827026,0.257716605035844,0.39599475513874,0.372236149852013,0.179645800700269,0.391658557989872,0.364401538339519
510326,0.234491374439686,0.470247826249437,0.333540336746191,0.182351285419404,0.406881776922068,0.19125057288444,0.208421329929545,0.438564801585753,0.262395454815316
512835,0.224608708759624,0.446978714768137,0.20941322876464,0.191103098171814,0.532437216325851,0.488767822653858,0.207855903465719,0.489707965546994,0.349090525709249
513130,0.256370625812652,0.530479561085857,0.463850201227781,0.224688196625556,0.526053926849473,0.587532116531529,0.240529411219104,0.528266743967665,0.525691158879655
513736,0.229913076341648,0.493470761936379,0.319379772855145,0.197660062461927,0.441884835969673,0.304331968866384,0.213786569401788,0.467677798953026,0.311855870860764
517239,0.165868865257848,0.335830929787287,0.340552585665635,0.20529233240042,0.343944103220707,0.244620535761641,0.185580598829134,0.339887516503997,0.292586560713638
519647,0.117851622237816,0.355580306697005,0.464019467953396,0.230167424031527,0.45247247388679,0.372625374815009,0.174009523134671,0.404026390291898,0.418322421384203
519950,0.257323967387113,0.439044620482453,0.406733819372784,0.215207679499083,0.444448405140775,0.331953478470049,0.236265823443098,0.441746512811614,0.369343648921417
520228,0.212928613810064,0.365224241882176,0.178699983576703,0.252028262285306,0.327906111668473,0.289729350411289,0.232478438047685,0.346565176775325,0.234214666993996
522434,0.195933454597999,0.358508441887932,0.26613097533159,0.186295064294446,0.355185572595854,0.280759641897998,0.191114259446223,0.356847007241893,0.273445308614794
523032,0.103111576750059,0.452526972461257,0.265454998950413,0.186187560493204,0.39603264713206,0.39017514696405,0.144649568621632,0.424279809796658,0.327815072957232
524135,0.180985874675398,0.339865290664488,0.284679633015009,0.254254903432086,0.381560966292956,0.47064518752098,0.217620389053742,0.360713128478722,0.377662410267995
525541,0.226535302044545,0.448882078607354,0.400000286564581,0.233702955458805,0.444210738911456,0.358545975355342,0.230119128751675,0.446546408759405,0.379273130959962
530635,0.207700736814431,0.579693119338176,0.608709149961965,0.232850167927618,0.491887515658201,0.673576114466422,0.220275452371024,0.535790317498189,0.641142632214194
531536,0.174588120186845,0.464763265021217,0.346848739198039,0.23623082451158,0.382786116963272,0.332078406785606,0.205409472349213,0.423774690992245,0.339463572991823
536647,0.280116541319733,0.486747217365196,0.392056625170474,0.186994848135332,0.401603975112409,0.250597864617274,0.233555694727533,0.444175596238802,0.321327244893874
540436,0.239961438749852,0.45505648235302,0.317913285392954,0.192843324356218,0.400210378942125,0.369891202304045,0.216402381553035,0.427633430647573,0.343902243848499
545345,0.235331496432996,0.380543261007984,0.271696042443291,0.221671724986515,0.448958563382674,0.370789329607541,0.228501610709755,0.414750912195329,0.321242686025416
547046,0.298362420001822,0.461277568643664,0.410454652359763,0.185430529980856,0.452795128920505,0.252769525388788,0.241896474991339,0.457036348782084,0.331612088874276
548250,0.273453242373312,0.342265678526795,0.310033725829556,0.276982470612922,0.441806125467318,0.278974602852549,0.275217856493117,0.392035901997057,0.294504164341053
550439,0.205286151310228,0.390715781270782,0.300047464874644,0.241861289909908,0.461551467187432,0.37772242916108,0.223573720610068,0.426133624229107,0.338884947017862
555348,0.173656169005819,0.351774778402226,0.266057830307872,0.132251242570262,0.346394204621851,0.264395682639078,0.152953705788041,0.349084491512038,0.265226756473475
557857,0.176473931427096,0.329576334589503,0.200824581597616,0.220566902737648,0.317581120951294,0.321256143374363,0.198520417082372,0.323578727770398,0.261040362485989
558657,0.238848472440482,0.327644080169936,0.183700316936791,0.159046554296466,0.322047827280211,0.130146017583873,0.198947513368474,0.324845953725074,0.156923167260332
558960,0.157062833203548,0.466077257560709,0.540084996746779,0.146285664646653,0.430251301621998,0.274019088326733,0.151674248925101,0.448164279591354,0.407052042536756
559053,0.187378132376199,0.46022332885632,0.335568060708056,0.180595028413075,0.398162476457157,0.367600756842511,0.183986580394637,0.429192902656738,0.351584408775284
559457,0.193839137271398,0.373450392054964,0.454876621887395,0.308778725423211,0.393064612746783,0.365219103466128,0.251308931347304,0.383257502400874,0.410047862676762
561242,0.206160302577725,0.520777668383835,0.5788751650045,0.205650350497358,0.610878466060969,0.401285195641124,0.205905326537542,0.565828067222402,0.490080180322812
562345,0.114985528106888,0.246654963839579,0.0749569995009868,0.148117165670706,0.326810155664314,0.104856721706089,0.131551346888797,0.286732559751947,0.0899068606035379
562446,0.194292078563996,0.337206220681385,0.197310653309844,0.204536027302001,0.366834853802173,0.447848512589351,0.199414052932998,0.352020537241779,0.322579582949597
565452,0.260993433393325,0.453825364341336,0.405853152278671,0.202346490634779,0.43879914198575,0.346350235648281,0.231669962014052,0.446312253163543,0.376101693963476
566454,0.266106011529835,0.495256934275182,0.397178870771975,0.214329497089212,0.671929256885873,0.468500978890178,0.240217754309523,0.583593095580528,0.432839924831076
567052,0.220174287592432,0.423404652581272,0.467025490060601,0.282301545442785,0.587639879803943,0.607317997173557,0.251237916517609,0.505522266192608,0.537171743617079
567961,0.274427984455831,0.431249011361335,0.458413417690828,0.203852096790119,0.500881032521025,0.402714354451308,0.239140040622975,0.46606502194118,0.430563886071068
568963,0.244087970771904,0.548301492915233,0.500058025246979,0.150955371999819,0.525443623804985,0.411802987561982,0.197521671385862,0.536872558360109,0.455930506404481
570243,0.175323397580833,0.390967906146824,0.258078624491613,0.215557133069892,0.414592664305461,0.346829765836568,0.195440265325363,0.402780285226143,0.302454195164091
572045,0.206508618918474,0.366224660342379,0.315159748311881,0.181345194068269,0.413781021500256,0.22611847501714,0.193926906493371,0.390002840921317,0.27063911166451
573249,0.222037950810908,0.43749575430041,0.372466507656774,0.184132001737233,0.468676618706127,0.501341059446233,0.20308497627407,0.453086186503268,0.436903783551503
573451,0.203709224710785,0.380866557669438,0.269891115434229,0.202218031768761,0.407595550648441,0.378689205115654,0.202963628239773,0.394231054158939,0.324290160274942
578057,0.218955191458533,0.465695672423005,0.525942117316934,0.240948935110415,0.446674125578943,0.342388675393978,0.229952063284474,0.456184899000974,0.434165396355456
579867,0.213077286470144,0.375896893832375,0.347199507415567,0.144326999283052,0.40861935803767,0.247420880226658,0.178702142876598,0.392258125935023,0.297310193821113
580044,0.226728247496908,0.419818502051999,0.255520878430301,0.296923727655607,0.423134544646619,0.299201996119349,0.261825987576258,0.421476523349309,0.277361437274825
580650,0.227080884654532,0.467695204269033,0.290844016498452,0.163105682842566,0.362022126640994,0.244167027163654,0.195093283748549,0.414858665455013,0.267505521831053
581349,0.28241231542521,0.549031865610063,0.408031226898135,0.226160122709488,0.480707431746934,0.421451864647013,0.254286219067349,0.514869648678498,0.414741545772574
581450,0.216308529176099,0.419835530523655,0.394512472390505,0.183852676804794,0.418218537042878,0.39293624011026,0.200080602990446,0.419027033783267,0.393724356250382
583858,0.281239483614651,0.594140319083327,0.682346851000028,0.191382909643941,0.687402535276972,0.541063621924204,0.236311196629296,0.640771427180149,0.611705236462116
585256,0.190883217535383,0.384801984971502,0.280405217953935,0.19648897660963,0.323392365457851,0.277944812112615,0.193686097072507,0.354097175214676,0.279175015033275
585862,0.150563341532819,0.476071747187341,0.360885632818825,0.165626090633306,0.46036265900891,0.624554433174059,0.158094716083062,0.468217203098126,0.492720032996442
586460,0.234641747636988,0.416890011866742,0.42923998917421,0.199060251003763,0.471742849487725,0.512657770576644,0.216850999320375,0.444316430677233,0.470948879875427
587664,0.215508620910457,0.435730952258639,0.340004687191285,0.228588798262671,0.436924146353921,0.460687583219406,0.222048709586564,0.43632754930628,0.400346135205346
588565,0.206500879109169,0.439593922960797,0.502590979026866,0.294448065331558,0.434943996618092,0.60287812557159,0.250474472220364,0.437268959789445,0.552734552299228
590047,0.218050653537672,0.419563281913438,0.265271042313021,0.168016962524655,0.422763398772982,0.390168485678268,0.193033808031163,0.42116334034321,0.327719763995645
594156,0.275977068077776,0.486822290804297,0.28480465359158,0.197812237821045,0.403254037633473,0.290765100735807,0.236894652949411,0.445038164218885,0.287784877163693
597869,0.197706941234536,0.399316992264371,0.358802054063868,0.13971153433642,0.350388437496637,0.307538339193233,0.168709237785478,0.374852714880504,0.333170196628551
598568,0.267816351813506,0.35411872897887,0.24965054330298,0.271298280513626,0.49396970092063,0.356766391898459,0.269557316163566,0.42404421494975,0.30320846760072
599065,0.226856789053807,0.346409048520625,0.352998366680213,0.216908144390839,0.508757637898132,0.384552010121425,0.221882466722323,0.427583343209379,0.368775188400819
599469,0.20260339275872,0.43194990215456,0.271317867559626,0.279311917393944,0.541005502847811,0.292880740837864,0.240957655076332,0.486477702501185,0.282099304198745
601127,0.240709958550324,0.478854034382453,0.513332545294244,0.143924348964229,0.594033748572685,0.488563267715386,0.192317153757277,0.536443891477569,0.500947906504815
604537,0.151745902401381,0.369169021685595,0.207046017861969,0.215021784435605,0.274017780749459,0.211305953136925,0.183383843418493,0.321593401217527,0.209175985499447
611938,0.244492396259232,0.316423628499926,0.158561689692808,0.139103943373082,0.279264277143874,0.293654413428753,0.191798169816157,0.2978439528219,0.226108051560781
613538,0.212903575575439,0.398290880611763,0.432322269992251,0.249388552208172,0.366856372327736,0.398583931800139,0.231146063891806,0.382573626469749,0.415453100896195
614439,0.194719732362597,0.404608852607713,0.134726568735396,0.118691184424013,0.354933162759261,0.25498177248263,0.156705458393305,0.379771007683487,0.194854170609013
615744,0.204186062535925,0.450622656528929,0.380340508553266,0.193428014443514,0.533379405984182,0.407751883088807,0.19880703848972,0.492001031256555,0.394046195821037
617748,0.183078427734687,0.417846033680359,0.269913987007576,0.214306043447541,0.385007375497838,0.243836914506001,0.198692235591114,0.401426704589098,0.256875450756789
620434,0.18498245185328,0.374185182516705,0.262183317426426,0.171572707624713,0.324282264907184,0.20715721783659,0.178277579738996,0.349233723711944,0.234670267631508
623844,0.21763103589097,0.464027999496075,0.431865041404481,0.228895496810407,0.417859311280286,0.325471055899184,0.223263266350688,0.44094365538818,0.378668048651833
626648,0.274664733758374,0.455413825899021,0.405573022698989,0.245239274208217,0.514360898000883,0.365961388429422,0.259952003983296,0.484887361949952,0.385767205564206
628248,0.227488679335854,0.409831428566237,0.407924539792886,0.192543880033251,0.386814413920053,0.349416063552237,0.210016279684552,0.398322921243145,0.378670301672561
633847,0.196597069639527,0.317345803498804,0.234914206745138,0.226412496516907,0.346059357142925,0.259898862294465,0.211504783078217,0.331702580320865,0.247406534519801
634748,0.211202273269127,0.449836780361731,0.357932263062376,0.209010923078968,0.415179502663395,0.359216618903088,0.210106598174047,0.432508141512563,0.358574440982732
635245,0.241967075267271,0.40263514151329,0.334091490477147,0.22807285962765,0.492282664219272,0.344142726725323,0.235019967447461,0.447458902866281,0.339117108601235
638049,0.204637189460973,0.489585516814883,0.344765666761589,0.226326914592865,0.428126371098582,0.572079075790474,0.215482052026919,0.458855943956732,0.458422371276031
644044,0.199665499335829,0.420037030368019,0.320443721992414,0.152770094248994,0.393793197465542,0.269859551861565,0.176217796792412,0.40691511391678,0.29515163692699
644246,0.201232924414233,0.430835966759562,0.447972968810041,0.211384322758279,0.487993729500798,0.40052423244221,0.206308623586256,0.45941484813018,0.424248600626126
645450,0.254396430478145,0.52400763103033,0.420717359205201,0.221302568721121,0.449230357435221,0.53935710576819,0.237849499599633,0.486618994232775,0.480037232486695
645551,0.188611820523905,0.455378331900537,0.315634680197792,0.232696148232232,0.387309141406351,0.398900481207648,0.210653984378068,0.421343736653444,0.35726758070272
647858,0.221392276299719,0.35108747859532,0.163456763348488,0.144643421846219,0.341535221883608,0.542653746211942,0.183017849072969,0.346311350239464,0.353055254780215
654350,0.134840831758034,0.452689962288373,0.364259924310745,0.166294255688195,0.450223149381119,0.352231620336098,0.150567543723114,0.451456555834746,0.358245772323421
654552,0.172271767363893,0.40220033725958,0.293963423536222,0.219418472526581,0.417856251172532,0.222100490863115,0.195845119945237,0.410028294216056,0.258031957199669
654754,0.114939951392981,0.418692359581388,0.234674859635274,0.193370444444445,0.377310372578774,0.324445619657436,0.154155197918713,0.398001366080081,0.279560239646355
656657,0.224621534751332,0.38507203838047,0.323130405744691,0.203219943669577,0.383524511699212,0.247109090635602,0.213920739210455,0.384298275039841,0.285119748190147
657659,0.26046843992286,0.462284313713544,0.31688183067698,0.248219657176193,0.454972391556359,0.350977439761151,0.254344048549527,0.458628352634951,0.333929635219065
660951,0.201732948359704,0.418724404653228,0.295958263525626,0.164365136604092,0.510511160725116,0.623544681516348,0.183049042481898,0.464617782689172,0.459751472520987
662551,0.112991958510576,0.30315906262633,0.158352435831428,0.182984708370155,0.387300672872116,0.249741368783827,0.147988333440365,0.345229867749223,0.204046902307628
663755,0.188658119193,0.406860429327319,0.285400349674573,0.214010726935402,0.331345326313288,0.278610617825034,0.201334423064201,0.369102877820303,0.282005483749803
664757,0.234798677622873,0.392917800631281,0.327000616411669,0.252359616967684,0.362966350157214,0.344825797158397,0.243579147295278,0.377942075394248,0.335913206785033
665254,0.226310072724906,0.361281699959897,0.300811031863809,0.234410461052542,0.403062649178017,0.323886158509343,0.230360266888724,0.382172174568957,0.312348595186576
667056,0.197862961741069,0.440397267521972,0.546821804182889,0.179471334972515,0.426621745880352,0.360992179703764,0.188667148356792,0.433509506701162,0.453906991943327
668361,0.300947945567447,0.428971011184029,0.32009797459301,0.243521494132341,0.446954944366825,0.317267031965736,0.272234719849894,0.437962977775427,0.318682503279373
671855,0.228081068307556,0.397879606168059,0.280378428140452,0.274037388103402,0.373376066555422,0.305501858057299,0.251059228205479,0.38562783636174,0.292940143098876
673455,0.201127935921326,0.381181531785799,0.177703975759435,0.150762237679989,0.412519132004549,0.301553150885391,0.175945086800658,0.396850331895174,0.239628563322413
677766,0.257287737101071,0.468186739735655,0.565343588662128,0.145841692366985,0.452705403244777,0.500233361810303,0.201564714734028,0.460446071490216,0.532788475236216
679770,0.274758503864325,0.506972699182571,0.46603164071128,0.255607798708805,0.421629099154649,0.375685637676139,0.265183151286565,0.46430089916861,0.420858639193709
680957,0.19835857460248,0.339568756282145,0.259078391167964,0.209796120483573,0.521552834221849,0.399224847059613,0.204077347543026,0.430560795251997,0.329151619113788
683256,0.211637660285897,0.368109353975502,0.349716067966736,0.218566899531465,0.431235884077021,0.301745007239443,0.215102279908681,0.399672619026261,0.325730537603089
686969,0.250754236499806,0.349687089107187,0.33060633346564,0.145087850437243,0.343233888427445,0.216233726698886,0.197921043468525,0.346460488767316,0.273420030082263
687163,0.169662637174211,0.357554217438906,0.311517512410369,0.217184953408446,0.444331109319692,0.250410876189059,0.193423795291329,0.400942663379299,0.280964194299714
688569,0.104874394462375,0.335692788093065,0.292366257132188,0.248141193205677,0.498066948620802,0.320827481631863,0.176507793834026,0.416879868356933,0.306596869382025
689470,0.185532715739366,0.390418380723085,0.426652263531674,0.187008431655433,0.3866773169116,0.428792745964492,0.186270573697399,0.388547848817343,0.427722504748083
690152,0.217738845023277,0.422153602772566,0.36047359624431,0.205428364872445,0.377142253683334,0.543939458610148,0.211583604947861,0.39964792822795,0.452206527427229
693764,0.158689192901668,0.36251607470915,0.253076485593631,0.179274404622894,0.404211803110056,0.34905955640469,0.168981798762281,0.383363938909603,0.301068020999161
694362,0.239079011443876,0.465514160441221,0.471526790827772,0.223345241156588,0.428151357217175,0.386330038593376,0.231212126300232,0.446832758829198,0.428928414710574
698168,0.287856351297179,0.48246654806291,0.41485632242366,0.175019506257608,0.474161153682995,0.454981526553488,0.231437928777393,0.478313850872953,0.434918924488574
700634,0.200614488429503,0.38705747330296,0.297181914278602,0.174512388133085,0.363166540708455,0.28916055047949,0.187563438281294,0.375112007005707,0.293171232379046
701535,0.187269247698547,0.452357536647381,0.278115665187448,0.150249788874983,0.360264816953283,0.337754266493298,0.168759518286765,0.406311176800332,0.307934965840373
702133,0.176047846043253,0.358618122379888,0.356159206116723,0.264080257204902,0.460277784295003,0.445712201857398,0.220064051624077,0.409447953337445,0.400935703987061
704238,0.168725638692735,0.491813558006687,0.384876129207513,0.170986939545909,0.566130441298359,0.393693712310161,0.169856289119322,0.528971999652523,0.389284920758837
705341,0.270789040217914,0.482685887643031,0.341103936541442,0.233876411585208,0.443324963257357,0.482538607762873,0.252332725901561,0.463005425450194,0.411821272152157
707749,0.213947560548182,0.41346607684088,0.239735135584829,0.22258916404238,0.428415606171548,0.258058974481718,0.218268362295281,0.420940841506214,0.248897055033274
709551,0.220974259052181,0.495871973136136,0.464850238568372,0.188515248940723,0.494038283962711,0.514771906000692,0.204744753996452,0.494955128549423,0.489811072284532
713239,0.241983340257636,0.469679643346861,0.380368151160376,0.223082098217335,0.418744157159208,0.357979416543927,0.232532719237485,0.444211900253034,0.369173783852151
715041,0.221149134467969,0.484877092787609,0.283234693376586,0.248482958342615,0.571916298019892,0.306565335110105,0.234816046405292,0.52839669540375,0.294900014243345
715950,0.148197470506961,0.475925655414385,0.410953750830022,0.357037701045017,0.53567765395026,0.454040358760322,0.252617585775989,0.505801654682323,0.432497054795172
720337,0.232466507895643,0.336124441569504,0.339467727444461,0.235069884528107,0.43227883521084,0.257802621042526,0.233768196211875,0.384201638390172,0.298635174243494
723141,0.201779565497424,0.568361251669261,0.587736884091039,0.210920566401,0.486818185493823,0.540743876026354,0.206350065949212,0.527589718581542,0.564240380058696
724446,0.218997192249748,0.408032607571775,0.467363551659679,0.242311688364725,0.402956572664101,0.32783001692574,0.230654440307237,0.405494590117938,0.39759678429271
728454,0.247478388412009,0.495513117962297,0.359048376347822,0.127205465667933,0.464944961413189,0.280942788212827,0.187341927039971,0.480229039687743,0.319995582280324
729557,0.183030477508651,0.447198655939926,0.669599589889733,0.126988933765278,0.48551141310182,0.414099540826064,0.155009705636965,0.466355034520873,0.541849565357899
731140,0.183675101348297,0.449410953009209,0.35363537984536,0.177824143465957,0.430785086899946,0.291637185731992,0.180749622407127,0.440098019954578,0.322636282788676
732243,0.225821150074984,0.531944553246485,0.45882298706993,0.201347612041648,0.548145233463742,0.509736240649303,0.213584381058316,0.540044893355114,0.484279613859616
734045,0.179088455517486,0.409339530321264,0.41885342341643,0.25125129057991,0.433193428007273,0.310073205808403,0.215169873048698,0.421266479164269,0.364463314612416
735148,0.0801255505129848,0.288923948369492,0.471868484944077,0.154604048632399,0.332114501312627,0.206421781141974,0.117364799572692,0.310519224841059,0.339145133043026
737960,0.202324469859793,0.456771413720021,0.416895514963231,0.159777402249286,0.396908066084583,0.275731113159589,0.181050936054539,0.426839739902302,0.34631331406141
742549,0.158378314373653,0.387980899024283,0.363874309324426,0.237961799662791,0.44086161511265,0.299226373702418,0.198170057018222,0.414421257068466,0.331550341513422
744553,0.173117325533392,0.380994794003908,0.201914574777603,0.195557392782043,0.434136487137505,0.35091129063892,0.184337359157718,0.407565640570707,0.276412932708262
748258,0.163878877514401,0.527490276929012,0.338767946582109,0.134290629691312,0.319465578628164,0.21632803737382,0.149084753602857,0.423477927778588,0.277547991977965
749058,0.181873900157994,0.416667406521006,0.353027010592506,0.240697160035936,0.421936412889687,0.431748404110038,0.211285530096965,0.419301909705346,0.392387707351272
751348,0.248018222198118,0.389029810637371,0.546342808934539,0.241161320841245,0.395666268039741,0.270590990025708,0.244589771519682,0.392348039338556,0.408466899480123
751550,0.250270852780244,0.421930956087961,0.282813244620495,0.256643693205095,0.547143330576559,0.487318891419187,0.25345727299267,0.48453714333226,0.385066068019841
753150,0.236830508058301,0.340232609944549,0.204841381389924,0.238420832232536,0.479484741561662,0.255931658644511,0.237625670145418,0.409858675753106,0.230386520017217
753251,0.238995908213898,0.424190295548168,0.304950235741571,0.227536194838852,0.383471391288417,0.238593740217259,0.233266051526375,0.403830843418293,0.271771987979415
759869,0.231356820418447,0.528885334584483,0.402226738179824,0.208589651970683,0.483628786144175,0.393874549572211,0.219973236194565,0.506257060364329,0.398050643876018
761957,0.146945309759883,0.428098329679368,0.297520161147765,0.212032452559449,0.460575679819877,0.340272940426976,0.179488881159666,0.444337004749623,0.318896550787371
763557,0.243526883244175,0.525767999873578,0.532941369389245,0.146929512446397,0.443192739877133,0.352367658235644,0.195228197845286,0.484480369875355,0.442654513812444
765056,0.0843939875531476,0.345282136013142,0.241299361925707,0.145588493819964,0.338610797849917,0.23451850000877,0.114991240686556,0.34194646693153,0.237908930967239
765864,0.142333440721247,0.474599681862652,0.506521391158461,0.15744999301586,0.459949763099896,0.401188108138897,0.149891716868554,0.467274722481274,0.453854749648679
767464,0.184826246780589,0.382637173343554,0.493096771881913,0.250510639298642,0.458773172745735,0.357492717195204,0.217668443039615,0.420705173044644,0.425294744538558
769064,0.212725644830317,0.379936551475438,0.398091112171152,0.253703924049214,0.41466012917454,0.304945009962697,0.233214784439766,0.397298340324989,0.351518061066925
770352,0.201881863451319,0.393542783980071,0.444069394858926,0.288938583641371,0.427409800993205,0.487792038470988,0.245410223546345,0.410476292486638,0.465930716664957
771354,0.235516228210705,0.506436975130839,0.489236414365169,0.269232271468144,0.406445321605868,0.358273519682835,0.252374249839424,0.456441148368353,0.423754967024002
773257,0.237211074111859,0.37501404731307,0.319906827704077,0.266270011771014,0.379350341536657,0.548118701598676,0.251740542941436,0.377182194424863,0.434012764651377
774663,0.215828425670851,0.448988988899573,0.460199984792662,0.235678568550387,0.504440767297918,0.466899983263082,0.225753497110619,0.476714878098745,0.463549984027872
779370,0.135438407359261,0.383741241508191,0.163492326235047,0.17782530828173,0.412747253855059,0.256172536529942,0.156631857820495,0.398244247681625,0.209832431382494
783462,0.24379462812945,0.443035330247519,0.346101318030707,0.220734498262026,0.469731015149638,0.418567722770505,0.232264563195738,0.456383172698579,0.382334520400606
784565,0.210442002646136,0.37050828688348,0.45350085412512,0.21570420760897,0.403684426948579,0.293395352697914,0.213073105127553,0.38709635691603,0.373448103411517
788674,0.201450170027572,0.509791216221775,0.470091134863592,0.249866189684602,0.57434244477722,0.604179709650536,0.225658179856087,0.542066830499498,0.537135422257064
788876,0.208370825330424,0.426567768965022,0.232535320300231,0.208115542226597,0.575031233748864,0.38190964436496,0.208243183778511,0.500799501356943,0.307222482332596
789373,0.194688939265376,0.468757421058034,0.502192681976373,0.188874773653237,0.414384046371829,0.354743641679519,0.191781856459307,0.441570733714931,0.428468161827946
792564,0.207789036809623,0.315500452228783,0.301825156752213,0.235974930006927,0.407109190780893,0.317345166562538,0.221881983408275,0.361304821504838,0.309585161657375
792766,0.166176809823628,0.411221389225129,0.314979431388152,0.205675271486866,0.422045055294961,0.217799904030122,0.185926040655247,0.416633222260045,0.266389667709137
792867,0.268389665725865,0.420107515154725,0.413710676398709,0.249583074936116,0.371625050611353,0.347404257468423,0.25898637033099,0.395866282883039,0.380557466933566
793465,0.194915438943198,0.39398785602252,0.39586926774556,0.209330925130855,0.478259875235458,0.312093273913453,0.202123182037027,0.436123865628989,0.353981270829506
800941,0.237867195667909,0.379576946696452,0.293919289259356,0.172494506505815,0.465377834065741,0.335152808773329,0.205180851086862,0.422477390381096,0.314536049016342
802844,0.195400469339864,0.345526332383527,0.230532008755436,0.243072709161228,0.316866737738604,0.209992782542769,0.219236589250546,0.331196535061066,0.220262395649102
803240,0.194065919949384,0.334340328617433,0.22853215342285,0.226262857812742,0.375833308584952,0.407879081650497,0.210164388881063,0.355086818601193,0.318205617536674
810843,0.228198716180384,0.331734038482236,0.237871878187971,0.223029135134701,0.341525715100714,0.398031712060081,0.225613925657543,0.336629876791475,0.317951795124026
812746,0.193191160204829,0.34024014178052,0.256438172289281,0.245059318221194,0.400944998886168,0.391884951845518,0.219125239213011,0.370592570333344,0.3241615620674
814548,0.2537562099437,0.497698900745041,0.491853094928079,0.225718873596999,0.540298974065442,0.434821487580327,0.23973754177035,0.518998937405242,0.463337291254203
814649,0.232498029513151,0.282175178915462,0.440154289880116,0.144804896427709,0.458029087329427,0.432449891323757,0.18865146297043,0.370102133122444,0.436302090601936
815247,0.24360133717006,0.325204625670214,0.373260537399353,0.249732793901122,0.412309642835308,0.332026888351806,0.246667065535591,0.368757134252761,0.352643712875579
816653,0.114335403261645,0.420984091279121,0.449471432924829,0.136892535940176,0.396040574051057,0.40110836157163,0.125613969600911,0.408512332665089,0.42528989724823
818455,0.208138570791196,0.497314696506162,0.385331486923786,0.208124350102191,0.387218155685016,0.222662683692499,0.208131460446694,0.442266426095589,0.303997085308143
818859,0.16454582360422,0.562996204145971,0.34832069160263,0.269553363135191,0.40412312642344,0.467446665102609,0.217049593369706,0.483559665284706,0.40788367835262
820745,0.267596020399141,0.389586923045835,0.355510611671911,0.259330660781045,0.418019713854246,0.284053719948479,0.263463340590093,0.40380331845004,0.319782165810195
825048,0.210114361662963,0.48844364662432,0.381810874935735,0.256171322234274,0.56493362699174,0.55300840114499,0.233142841948619,0.52668863680803,0.467409638040363
825553,0.216804988297477,0.447770097528822,0.499750015671102,0.205869413639684,0.400888906971807,0.399152257953982,0.21133720096858,0.424329502250315,0.449451136812542
825654,0.191608086213033,0.312002009972972,0.178617991168939,0.146975151728081,0.345649131935306,0.284401541615955,0.169291618970557,0.328825570954139,0.231509766392447
826353,0.215143589066378,0.473119142686114,0.423544484405889,0.219803721697796,0.402900062097286,0.308899251636337,0.217473655382087,0.4380096023917,0.366221868021113
826454,0.236832334246924,0.419881954349915,0.334058144995253,0.223114215975087,0.472681295076339,0.326910306312759,0.229973275111005,0.446281624713127,0.330484225654006
828862,0.175664873342418,0.33872379513479,0.326116963453991,0.208244440438552,0.338552715561157,0.389858828387758,0.191954656890485,0.338638255347974,0.357987895920874
832651,0.299829563327519,0.469237571616221,0.515487576406587,0.130218306160767,0.441819651886143,0.515965162592836,0.215023934744143,0.455528611751182,0.515726369499712
833148,0.232063268935025,0.470209565340098,0.335278808692531,0.250306709386962,0.597844275765641,0.43459532897267,0.241184989160993,0.534026920552869,0.3849370688326
833249,0.179298075837487,0.315571186671909,0.160671055169754,0.180031479658856,0.310488428921031,0.214915426808636,0.179664777748171,0.31302980779647,0.187793240989195
837964,0.21044773835988,0.388685876385965,0.195793171958691,0.143877464882833,0.401523580633697,0.216056787680994,0.177162601621356,0.395104728509831,0.205924979819843
841349,0.22350764219737,0.454429872971806,0.355712322301339,0.151717613988489,0.42838410105977,0.416793782632446,0.18761262809293,0.441406987015788,0.386253052466892
843151,0.226770324707031,0.450958651198081,0.378072744649439,0.173242902648406,0.396491477118919,0.561181974965869,0.200006613677718,0.4237250641585,0.469627359807654
844961,0.23349064676299,0.410380697639947,0.296167328239953,0.239604387135052,0.383389276060104,0.370998414031214,0.236547516949021,0.396884986850025,0.333582871135583
845458,0.241374547545991,0.35516353425562,0.306272657561854,0.189025527567822,0.426803763680736,0.269401805866227,0.215200037556907,0.390983648968178,0.287837231714041
849264,0.20200854566008,0.451851522786237,0.221708343940027,0.187827375726569,0.36021271538214,0.21331632021037,0.194917960693325,0.406032119084189,0.217512332075198
849971,0.259858288556066,0.400953367899998,0.381517125251367,0.228418362027395,0.469850345550182,0.495442312328562,0.244138325291731,0.43540185672509,0.438479718789965
852455,0.235972149886242,0.442156297531912,0.341749070613271,0.176981875,0.415757953205148,0.363396214720486,0.206477012443121,0.42895712536853,0.352572642666878
856463,0.200989046731426,0.396025709102664,0.317187476157291,0.181334870777397,0.408156211709332,0.290947837051193,0.191161958754411,0.402090960405998,0.304067656604242
856766,0.241029299649303,0.451648872961937,0.291653910694885,0.181192309482001,0.366590519825556,0.303922214728656,0.211110804565652,0.409119696393747,0.29778806271177
856968,0.236514782939639,0.354791025473057,0.336402375360359,0.248618318099014,0.426020018487651,0.310733758335982,0.242566550519327,0.390405521980354,0.323568066848171
859671,0.214645454049095,0.504890215706274,0.407586296650522,0.263284818915369,0.40121835755521,0.362852679194367,0.238965136482232,0.453054286630742,0.385219487922444
861456,0.183321855265076,0.389718702721405,0.316224542282916,0.262313783121886,0.59798403341287,0.690360306652071,0.222817819193481,0.493851368067137,0.503292424467494
867468,0.150447002896109,0.352391776056986,0.235408190514229,0.205358010352229,0.378176700606368,0.314678242824788,0.177902506624169,0.365284238331677,0.275043216669508
869472,0.179254474068663,0.3218342363117,0.218015695719194,0.158982609988109,0.340817842060343,0.215401522004267,0.169118542028386,0.331326039186021,0.21670860886173
870861,0.195448350459708,0.298597061893856,0.246249411506612,0.213902217671458,0.321654327222322,0.32856897016487,0.204675284065583,0.310125694558089,0.287409190835741
871762,0.256585033311953,0.456807198873663,0.429187949456718,0.281475221351991,0.515082361669468,0.443324440815119,0.269030127331972,0.485944780271566,0.436256195135919
871964,0.16595713105185,0.447034448014824,0.421968691307873,0.216958962053242,0.33369440580385,0.286743839989027,0.191458046552546,0.390364426909337,0.35435626564845
872562,0.216976051373995,0.496267615244705,0.27335649341223,0.17610387085058,0.356879331378727,0.301602834084683,0.196539961112287,0.426573473311716,0.287479663748457
872764,0.179978845268528,0.436616974822009,0.50611508753177,0.133923521375554,0.384426734705719,0.398303249587814,0.156951183322041,0.410521854763864,0.452209168559792
873968,0.177702382974593,0.364916434973394,0.315743567336452,0.251597049079679,0.587401083865149,0.465812070175008,0.214649716027136,0.476158759419271,0.39077781875573
878877,0.183247720616602,0.47208304921205,0.469987759123814,0.15374988430997,0.517061896253083,0.682229538194965,0.168498802463286,0.494572472732566,0.576108648659389
880157,0.324083919121615,0.543626420542791,0.421531415510623,0.242981559495668,0.485755710765202,0.439256916960602,0.283532739308641,0.514691065653996,0.430394166235612
882161,0.192795954788817,0.460646203088077,0.4536951417749,0.174204463767116,0.523106278112738,0.352071785560785,0.183500209277967,0.491876240600408,0.402883463667843
884064,0.268503146571576,0.417206604148777,0.319906661284892,0.27157945041444,0.376350857457472,0.283793019149,0.270041298493008,0.396778730803125,0.301849840216946
885975,0.283603386977557,0.478120740522171,0.292672995191095,0.163979960210968,0.374059530656155,0.38718466945914,0.223791673594262,0.426090135589163,0.339928832325118
886674,0.201610544217687,0.393877830987786,0.274823047403869,0.16260485270461,0.4751833395949,0.45787711159377,0.182107698461148,0.434530585291343,0.366350079498819
888678,0.200968908231615,0.410356404741976,0.379799560309132,0.147499166428598,0.292191519876412,0.0999578418116034,0.174234037330107,0.351273962309194,0.239878701060368
889579,0.236546398265696,0.5373336815372,0.511750406988213,0.229833487973929,0.554470567839114,0.41652630159612,0.233189943119813,0.545902124688157,0.464138354292166
891667,0.315090778716083,0.508682988774359,0.568766269674271,0.233337234582087,0.570908741878467,0.451130743201113,0.274214006649085,0.539795865326413,0.509948506437692
894673,0.158846108624896,0.584426994375609,0.437162925326037,0.204449152100878,0.476356285040076,0.508003588700647,0.181647630362887,0.530391639707843,0.472583257013342
894774,0.203898915766143,0.473346179394092,0.639204637167821,0.199758874856857,0.457036842181421,0.509115416462795,0.2018288953115,0.465191510787757,0.574160026815308
896778,0.21949118406518,0.414307412168653,0.326167644354042,0.25776674396615,0.491502980324068,0.325411881095519,0.238628964015665,0.45290519624636,0.32578976272478
898176,0.270663057648101,0.47732071621042,0.43186866295796,0.283728135315201,0.492390053806283,0.523041762115635,0.277195596481651,0.484855385008351,0.477455212536798
899885,0.198467395258707,0.358305996154515,0.340933424549666,0.177583606811687,0.433026851701879,0.458904028466815,0.188025501035197,0.395666423928197,0.399918726508241
901038,0.0798761881627868,0.229630830920028,0.153150219446697,0.129860383235973,0.253518233396647,0.130383508092719,0.10486828569938,0.241574532158337,0.141766863769708
901139,0.260060918938101,0.401887564615877,0.292553332224345,0.188515576047012,0.316310219173261,0.191228720769586,0.224288247492556,0.359098891894569,0.241891026496965
901442,0.205261201764808,0.357507927510979,0.263215237196294,0.223339266685258,0.457273463619024,0.371176874671459,0.214300234225033,0.407390695565002,0.317196055933877
902242,0.156946411600165,0.435101447166367,0.40047878978223,0.25105961767511,0.474196439262074,0.494291168389823,0.204003014637637,0.454648943214221,0.447384979086026
904044,0.259536449207394,0.439288271218496,0.395708926962554,0.23597851723527,0.638977709336259,0.402933544833915,0.247757483221332,0.539132990277377,0.399321235898235
905147,0.239260011745845,0.410682832386381,0.338955174938443,0.206645602163799,0.433289280593751,0.417602756427487,0.222952806954822,0.421986056490066,0.378278965682965
907656,0.254884952520088,0.495762373401006,0.409327563572497,0.257353886724516,0.399073450595342,0.259123153626688,0.256119419622302,0.447417911998174,0.334225358599592
908860,0.203928444972916,0.438899241399355,0.602613549056511,0.208170697815257,0.46498741737075,0.377207586374903,0.206049571394087,0.451943329385052,0.489910567715707
910241,0.262685863578343,0.507088926278075,0.458446485500302,0.245165827181531,0.481944244231039,0.40398017988304,0.253925845379937,0.494516585254557,0.431213332691671
910443,0.278751983232552,0.436596475345346,0.415020675713619,0.205601166274513,0.409202792641043,0.317743014072603,0.242176574753532,0.422899633993195,0.366381844893111
911849,0.230088603342572,0.369491878089267,0.265951552899587,0.272728706353159,0.474655378933833,0.440542929114348,0.251408654847866,0.42207362851155,0.353247241006967
912447,0.231980567479664,0.36835070753395,0.286991935184054,0.249736704793954,0.530305466131463,0.442941825065514,0.240858636136809,0.449328086832707,0.364966880124784
917255,0.172157638888889,0.40470905527783,0.294240103067848,0.190773727988764,0.470435293454256,0.307498361317322,0.181465683438826,0.437572174366043,0.300869232192585
917558,0.246417271542899,0.458071094395034,0.422641051548669,0.189310876025422,0.646299741111298,0.598139344686747,0.217864073784161,0.552185417753166,0.510390198117708
919966,0.130201685366279,0.39773546667711,0.199111461441964,0.240247889041305,0.421015845982721,0.360080933021077,0.185224787203792,0.409375656329916,0.279596197231521
922854,0.184120220937216,0.373878643588776,0.238133529654628,0.189566780525235,0.463870239614637,0.394175171235939,0.186843500731226,0.418874441601707,0.316154350445284
923755,0.142552429494382,0.312423292925342,0.38980679193462,0.197656758071727,0.388531735897192,0.422845984604004,0.170104593783054,0.350477514411267,0.406326388269312
926862,0.182495203226565,0.457030988640534,0.284017914517831,0.190587241965179,0.422645623456778,0.300959966439319,0.186541222595872,0.439838306048656,0.292488940478575
927359,0.164351003662517,0.432017039022307,0.394972038957482,0.206556050891766,0.451286732767552,0.627753039787181,0.185453527277142,0.441651885894929,0.511362539372332
930449,0.207044151617626,0.471976515097312,0.585931312829747,0.134826780389305,0.48624095352025,0.264188761838878,0.170935466003465,0.479108734308781,0.425060037334313
932554,0.188812560726497,0.438966997463116,0.451587300464519,0.13063522027447,0.458339083676277,0.389055577934422,0.159723890500483,0.448653040569697,0.420321439199471
933253,0.235664605082181,0.44195904362377,0.276640456633968,0.163784921476756,0.508633448381894,0.445579867041618,0.199724763279469,0.475296246002832,0.361110161837793
942658,0.18924027869223,0.447609619821095,0.238771959503724,0.267457367774267,0.556873149337127,0.534184342148838,0.228348823233249,0.502241384579111,0.386478150826281
951457,0.246374834112214,0.510535295471063,0.337581200312181,0.227455746872895,0.539774381978118,0.291760880383239,0.236915290492554,0.525154838724591,0.31467104034771
952863,0.203818994947042,0.40066469136986,0.29520232267667,0.158596295138093,0.380224952168298,0.282205575736696,0.181207645042568,0.390444821769079,0.288703949206683
957974,0.195106632095425,0.446642280140222,0.249812751908865,0.261390771027001,0.449948060218586,0.381689561554513,0.228248701561213,0.448295170179404,0.315751156731689
958976,0.243257684450822,0.424988458711333,0.461200603516171,0.136384318326697,0.433453450390965,0.348283235783462,0.18982100138876,0.429220954551149,0.404741919649816
962058,0.23703857599071,0.368155646218823,0.250470664544514,0.18538168401492,0.387594609187788,0.276678246492751,0.211210130002815,0.377875127703306,0.263574455518633
965771,0.179694034089638,0.360326974555485,0.293779601370072,0.20459537156328,0.442114187861189,0.255209179038538,0.192144702826459,0.401220581208337,0.274494390204305
966975,0.22443929598962,0.349967236543108,0.253553174942475,0.167493197422397,0.451149103566742,0.397105616042392,0.195966246706008,0.400558170054925,0.325329395492433
969476,0.228437550336922,0.438202440714331,0.276800530467145,0.203466471504599,0.422955225657243,0.376939696285533,0.21595201092076,0.430578833185787,0.326870113376339
970764,0.1501504,0.40743016927931,0.252887141121721,0.201819515367655,0.377828508497094,0.255266479749748,0.175984957683827,0.392629338888202,0.254076810435734
971160,0.261353016841464,0.439947782986951,0.416078244053246,0.235014343261719,0.365923668719648,0.322923838965325,0.248183680051591,0.4029357258533,0.369501041509286
972566,0.124904756355552,0.473058397464908,0.386438336035539,0.236567456947107,0.518878707262851,0.379491237403555,0.180736106651329,0.495968552363879,0.382964786719547
973770,0.176759711658268,0.360055926485718,0.294440426365582,0.205464064465897,0.317623378501975,0.277190045255045,0.191111888062083,0.338839652493847,0.285815235810313
978578,0.178752844788348,0.503131843957886,0.417036637782008,0.180706608611705,0.396486396018529,0.356884596153496,0.179729726700027,0.449809119988207,0.386960616967752
979984,0.160411712793332,0.441923920839048,0.313018470912855,0.222850688093394,0.490525975116313,0.337669525366528,0.191631200443363,0.466224947977681,0.325343998139692
983773,0.173824625347467,0.479201429478944,0.521147001122044,0.256231778604824,0.411257477371565,0.352410156609148,0.215028201976145,0.445229453425254,0.436778578865596
984472,0.212094101508916,0.391344831590766,0.312413639242786,0.13714744543112,0.452263592377148,0.22332422707416,0.174620773470018,0.421804211983957,0.267868933158473
987074,0.194150249170294,0.428806673774639,0.26533105294625,0.210394206702289,0.391944287977683,0.280420376177971,0.202272227936292,0.410375480876161,0.27287571456211
987983,0.225896102961214,0.419512762831412,0.341401805241286,0.15860747787026,0.384003304052335,0.312779759378713,0.192251790415737,0.401758033441873,0.327090782309999
989987,0.219351940776244,0.603774799446137,0.541153511376117,0.262481763834462,0.490025065161093,0.57202867250839,0.240916852305353,0.546899932303615,0.556591091942253
990366,0.266829214642554,0.454492026128711,0.586576133000028,0.176027048891452,0.416426861083545,0.402229465386146,0.221428131767003,0.435459443606128,0.494402799193087
991267,0.257137562339757,0.395874191045066,0.358316380895076,0.301873661495735,0.465857279432238,0.449747757497461,0.279505611917746,0.430865735238652,0.404032069196268
992673,0.185256425362114,0.411863860154251,0.387986651199364,0.243271333333333,0.459737152851192,0.28253317904305,0.214263879347724,0.435800506502722,0.335259915121207
992774,0.223601198975581,0.486118392364783,0.283350514011815,0.258566098037429,0.425138318191669,0.464498079275543,0.241083648506505,0.455628355278226,0.373924296643679
993675,0.286808085131046,0.527564240297143,0.662712004128003,0.240095988993404,0.465969044920727,0.536511371407959,0.263452037062225,0.496766642608935,0.599611687767981
994273,0.149197129511864,0.400123354739411,0.235150846875518,0.241255523697082,0.362199504838164,0.394263783102953,0.195226326604473,0.381161429788788,0.314707314989235
996782,0.189881099498623,0.394935781208907,0.473134969103633,0.192638071525577,0.372321729658885,0.435735427432886,0.1912595855121,0.383628755433896,0.45443519826826
