Simplex,Response Variable,Control Type,Estimate,Standard Error,DF,t-statistic,p-value (two-tail),Significance (two-tail),p-value (one-tail),Significance (one-tail),"p-value (two-tail, BH corrected)","Significance (two-tail, BH corrected)","p-value (one-tail, BH corrected)","Significance (one-tail, BH corrected)"
Node,Agreeableness,None,0.151,0.0504,382,2.99,0.00295,**,0.00147,**,0.00295,**,0.00147,**
Node,Fluid Intelligence,None,0.156,0.0503,382,3.1,0.00211,**,0.00105,**,0.00295,**,0.00147,**
Node,Agreeableness,Head Motion,0.126,0.0531,381,2.38,0.0177,*,0.00887,**,0.0177,*,0.00887,**
Edge,Conscientiousness,None,0.124,0.0506,382,2.45,0.0147,*,0.00737,**,0.0173,*,0.00865,**
Edge,Externalizing,None,-0.157,0.0503,382,-3.12,0.00194,**,0.000968,***,0.00582,**,0.002904,**
Edge,Internalizing,None,-0.121,0.0506,382,-2.39,0.0173,*,0.00865,**,0.0173,*,0.00865,**
Edge,Conscientiousness,Head Motion,0.164,0.055,381,2.98,0.00307,**,0.00153,**,0.00307,**,0.00153,**
Triangle,Externalizing,None,-0.136,0.0506,381,-2.69,0.0074,**,0.0037,**,0.0148,*,0.0074,**
Triangle,Internalizing,None,-0.116,0.0506,381,-2.3,0.0218,*,0.0109,*,0.0218,*,0.0109,*
