Subject,none,all,peak_dense_80,matched_random_80,peak_dense_90,matched_random_90,peak_dense_95,matched_random_95,peak_dense_num_na_80,matched_random_num_na_80,peak_dense_num_na_90,matched_random_num_na_90,peak_dense_num_na_95,matched_random_num_na_95
103414,0.306562600440492,-0.00443493682263407,0.270060105439407,0.265413896598084,0.270027743273391,0.265263209511638,0.28730022359298,0.278391521490355,0,0,0,0,0,0
104820,0.226846563616342,-0.0056712920623708,0.217058235858775,0.211275539965659,0.217173531219754,0.211497991614501,0.219579609626105,0.213240778726145,0,0,0,0,0,0
108222,0.284239034216468,-0.00509141362486475,0.235259997155544,0.225746255176107,0.239694364945006,0.23074056560613,0.266558792687343,0.260232457049251,0,0,0,0,0,0
111514,0.360178188423057,-0.00484725998964782,0.308980320031852,0.301577258003007,0.308972558394804,0.301315073064743,0.333503895531832,0.325932416826728,0,0,0,0,0,0
115724,0.27421064397742,-0.00441302071976731,0.257598425173677,0.251705543457788,0.257547018164322,0.251674846225369,0.257598425173677,0.251705543457788,0,0,0,0,0,0
118023,0.346522152678597,-0.00500839431811143,0.309884320900027,0.299885795501872,0.310099732954404,0.299825761533904,0.325647768353438,0.314743855861671,0,0,0,0,0,0
118225,0.489910714027005,-0.00430137832432497,0.418144657448484,0.401638456115129,0.418010454020668,0.401527094720544,0.455321526922223,0.442335062902266,0,0,0,0,0,0
120111,0.355865264647515,-0.004200842289073,0.284241596157287,0.285775801735279,0.291385218471846,0.291844324188777,0.325569331886481,0.323134996008809,0,0,0,0,0,0
124422,0.187875126846191,-0.00630718471400625,0.176656415646663,0.173870816431922,0.176613720090659,0.173910110604168,0.176656415646663,0.173870816431922,0,0,0,0,0,0
124624,0.180669659303645,-0.00599854608811258,0.167925903378561,0.165740603847331,0.16805543354743,0.16592125004494,0.167925903378561,0.165740603847331,0,0,0,0,0,0
124826,0.434342950245973,-0.00442472921270561,0.379979073280459,0.369507620896129,0.380172003769019,0.369338198805819,0.40533436537219,0.395468435405911,0,0,0,0,0,0
125424,0.225436748794777,-0.00522813190319306,0.204911252673659,0.203418103014669,0.204982087250045,0.203242121659972,0.204911252673659,0.203418103014669,0,0,0,0,0,0
127226,0.220984899939451,-0.00542432489014692,0.210444745650471,0.20470939781461,0.210360851819155,0.204746100885912,0.210444745650471,0.20470939781461,0,0,0,0,0,0
129129,0.370017061746578,-0.00514980081875823,0.294757630835635,0.295000148754606,0.304775523153156,0.299497269961288,0.344432508465933,0.338306628681583,0,0,0,0,0,0
130821,0.202375077369386,-0.00563883165271865,0.200124237378309,0.199999598058827,0.200055368639806,0.200090273009983,0.200124237378309,0.199999598058827,0,0,0,0,0,0
131924,0.320113101393862,-0.00526244508604095,0.302395832470964,0.290467483998578,0.302441711047546,0.29053740940159,0.302395832470964,0.290467483998578,0,0,0,0,0,0
133625,0.382442579152022,-0.00424271222937694,0.330617393163924,0.321801009697767,0.330501797508381,0.321630492105601,0.355443171466897,0.348438643335939,0,0,0,0,0,0
134425,0.332464230270541,-0.00537427683258153,0.280528609963997,0.268921884882341,0.287745392855937,0.276422079567255,0.312862318946907,0.305343374909729,0,0,0,0,0,0
134728,0.298030455260886,-0.00419707270619955,0.26174136311059,0.257524374473815,0.261489631683088,0.257587784915455,0.274464458804944,0.270599107258939,0,0,0,0,0,0
135730,0.225700445929398,-0.00543706781044522,0.200807459288261,0.195263470967765,0.200863452090822,0.195234284193149,0.209012719479363,0.202378752792561,0,0,0,0,0,0
135932,0.251962123790296,-0.0055865625683009,0.248352708689912,0.244427926558956,0.248367963904228,0.24426062289359,0.248352708689912,0.244427926558956,0,0,0,0,0,0
137128,0.375902703261949,-0.00417858820814007,0.328206196998196,0.318225669760633,0.328336538153749,0.318336982863907,0.35507087564083,0.343818384178031,0,0,0,0,0,0
137936,0.171935232125068,-0.00721601659803676,0.148155362542748,0.144808173327665,0.148162556452994,0.144719865521638,0.161414329479915,0.157181522184646,0,0,0,0,0,0
138231,0.474760081786438,-0.00493731064372172,0.367467075949107,0.367454140824529,0.393808574650846,0.388640810978738,0.443926114666166,0.431626313947531,0,0,0,0,0,0
140117,0.254314794482425,-0.00615617308149154,0.23239465437534,0.226176562022131,0.232407893471734,0.226330942577139,0.239685138449798,0.23153818704123,0,0,0,0,0,0
140824,0.184807258520979,-0.00507127721266745,0.182183048667836,0.17785942404815,0.182234156999364,0.177828915615221,0.182183048667836,0.17785942404815,0,0,0,0,0,0
141119,0.271508803862188,-0.00598130961241858,0.230981547831288,0.225982264765939,0.230694536216698,0.22578620462286,0.251699855354154,0.248130065451961,0,0,0,0,0,0
141422,0.518016674866184,-0.00384373694822756,0.445241248945645,0.428237327037201,0.445367049572235,0.428188977291996,0.482679319306488,0.467915559100821,0,0,0,0,0,0
141826,0.513740811603116,-0.00398890774793524,0.428870235835944,0.424587742065064,0.429236785728468,0.424692002029364,0.476796587531985,0.467129433397042,0,0,0,0,0,0
143325,0.239334410956083,-0.0058803167229998,0.192094184102973,0.18619456365827,0.201514238451645,0.192503307467631,0.222682623185964,0.215413660318036,0,0,0,0,0,0
143830,0.215157359562298,-0.00558881712309715,0.203505522714169,0.202260886662344,0.203442427307014,0.202320018557677,0.203505522714169,0.202260886662344,0,0,0,0,0,0
144731,0.166053069095626,-0.00554497401346886,0.148737963727612,0.144646804628877,0.148893803208303,0.144864777041089,0.1546407095622,0.14985861123403,0,0,0,0,0,0
145834,0.41309741346743,-0.00423340610885019,0.342149843737681,0.327447342543945,0.350567989964998,0.33516030558232,0.389010622703515,0.374946407870907,0,0,0,0,0,0
146331,0.23158107261393,-0.00555104045445864,0.204360542983192,0.199288178445333,0.204242717094997,0.199390129060731,0.218830247564048,0.212614572852261,0,0,0,0,0,0
146735,0.33521271155336,-0.00527672875568903,0.25624365145564,0.263462602960638,0.279004727643384,0.280135208410487,0.314603190628911,0.307865896217699,0,0,0,0,0,0
148032,0.333647677534354,-0.00388251174974814,0.309711406805829,0.302871066457674,0.309746831005202,0.302820231778093,0.309711406805829,0.302871066457674,0,0,0,0,0,0
148335,0.357384572834694,-0.00492330841662241,0.296434001375986,0.302820870462538,0.296953010898794,0.302843417061489,0.329442807325024,0.327929668611226,0,0,0,0,0,0
149337,0.207888628566116,-0.00535909186553544,0.196452344880256,0.194463895116447,0.196386450129292,0.19453953266546,0.196452344880256,0.194463895116447,0,0,0,0,0,0
150625,0.251963626860609,-0.00545711657803692,0.222134648919202,0.214820938493425,0.222236942952549,0.214539715338614,0.236135287592105,0.230233584817506,0,0,0,0,0,0
151829,0.272687253964496,-0.00506376198059167,0.268566453070768,0.26325857417846,0.26853238325775,0.263258039115738,0.268566453070768,0.26325857417846,0,0,0,0,0,0
152831,0.483797706170977,-0.00404747819378501,0.387986475179085,0.38057125736326,0.402219512812966,0.3955321572313,0.450481674545408,0.440951062764144,0,0,0,0,0,0
153025,0.238355610858468,-0.00486102346865433,0.213850096393874,0.209698946499945,0.213897265200908,0.209830529071443,0.219341101447394,0.214658469262222,0,0,0,0,0,0
153429,0.497224379915505,-0.004177824733493,0.40501170288157,0.401569822993941,0.412349267345736,0.405181472830232,0.460718067949695,0.450146881303619,0,0,0,0,0,0
153631,0.279105155889339,-0.00495932236188901,0.260028156081069,0.2526915876841,0.259963459018809,0.252694130399516,0.260695953693983,0.253531890001022,0,0,0,0,0,0
154431,0.284329464878327,-0.00613199171299632,0.268623950876727,0.264636775596916,0.268709761146373,0.264717727669364,0.268623950876727,0.264636775596916,0,0,0,0,0,0
155635,0.391191374482611,-0.00437636525585715,0.328017460246015,0.312366535046954,0.331533038860774,0.315036237781864,0.364719497280034,0.352407666551734,0,0,0,0,0,0
155938,0.309177540563781,-0.00543641254155218,0.244988406727763,0.24784658868469,0.262371759382903,0.260203822705763,0.287566533028369,0.284069642718945,0,0,0,0,0,0
157336,0.334250023364758,-0.00434879916139029,0.279691217276272,0.286879754509421,0.279800396116206,0.286922631279091,0.302184111860588,0.303805043941897,0,0,0,0,0,0
158035,0.552222278322014,-0.00357044112087384,0.407459140520537,0.404347831615243,0.455606558656232,0.449366354731573,0.509328660219569,0.499346271420919,0,0,0,0,0,0
158338,0.464806495192955,-0.00370894344084632,0.382196004653937,0.377490115459938,0.386331769066501,0.379415535396906,0.428679294633236,0.421062622221567,0,0,0,0,0,0
160123,0.441160863976855,-0.00473652589802257,0.361437592494261,0.360385140529836,0.361924821114172,0.361044112247433,0.409661175386249,0.400766461332483,0,0,0,0,0,0
161327,0.180865971802382,-0.005918642271519,0.171298507292819,0.170124981831431,0.171407104441928,0.16999510911555,0.171298507292819,0.170124981831431,0,0,0,0,0,0
161731,0.336835306602693,-0.00491947877694299,0.303306792363889,0.297578055637631,0.303162474969872,0.29765748162796,0.311772419282854,0.305332774488496,0,0,0,0,0,0
161832,0.18547057532735,-0.00548982817966611,0.17320181729672,0.170542117111491,0.173173167941715,0.170564122540268,0.17320181729672,0.170542117111491,0,0,0,0,0,0
162026,0.492432457410371,-0.00437995134312185,0.411397102898491,0.38424906097854,0.424726656733415,0.402143749175655,0.458474492373798,0.446561440670383,0,0,0,0,0,0
162329,0.285965080898404,-0.00490873867235893,0.26505214847631,0.250856400608875,0.264950127053345,0.250906739831027,0.273407133369829,0.263959835255944,0,0,0,0,0,0
163129,0.411780776242405,-0.00378472295304146,0.351394142077223,0.339213202457342,0.351438726921183,0.33905332551358,0.383421678623706,0.373826179718627,0,0,0,0,0,0
163836,0.312011058484977,-0.00466872372221916,0.279351427369183,0.268797750935042,0.279351919308943,0.268897213768087,0.29343725567763,0.283569554389989,0,0,0,0,0,0
165436,0.319908669222407,-0.00450207992004192,0.273745605694581,0.269359731425912,0.273627146402651,0.269261362891136,0.29808134996591,0.291287595393682,0,0,0,0,0,0
165638,0.358869937745364,-0.00441786419706868,0.295873839185363,0.291418378894998,0.29975883639301,0.29434185795899,0.33324756218938,0.32631577054018,0,0,0,0,0,0
165941,0.296169011199551,-0.00515935738737738,0.255606935558851,0.261975492458508,0.255907192919717,0.262043883205125,0.278972328326039,0.275547528687433,0,0,0,0,0,0
166438,0.320377929827273,-0.00442748297019456,0.291045135639963,0.278346288110831,0.291025008303042,0.278056481454596,0.301545598717894,0.293492118252923,0,0,0,0,0,0
166640,0.260612254256827,-0.00564614900881686,0.24567479869707,0.240857130139829,0.245723743924952,0.240976249023076,0.24567479869707,0.240857130139829,0,0,0,0,0,0
168240,0.329473285667032,-0.0050270452612587,0.311322995529135,0.305042108583238,0.31125452408043,0.305193763613106,0.311322995529135,0.305042108583238,0,0,0,0,0,0
170631,0.23043095969553,-0.00475443783776214,0.205889664173423,0.199500888466182,0.205927338768108,0.199454317798089,0.218198503748427,0.210034685978325,0,0,0,0,0,0
171330,0.586906721598533,-0.00346090802109138,0.482048606963768,0.47743169964188,0.487554907692453,0.479852249910423,0.546211629313575,0.532508004400456,0,0,0,0,0,0
171633,0.31811655077754,-0.00415489106344841,0.294571002885495,0.288496924083156,0.294353079909445,0.288541362075703,0.301539857986106,0.292908446444934,0,0,0,0,0,0
173334,0.444612814842156,-0.00403624292550081,0.380916118075358,0.369574123171405,0.380921826123824,0.36955862163207,0.413537444889492,0.404487763152151,0,0,0,0,0,0
173839,0.206644366040621,-0.00530494697472422,0.198947680224486,0.197742441862736,0.198904711514683,0.197895372997917,0.198947680224486,0.197742441862736,0,0,0,0,0,0
174437,0.48462560530817,-0.00423070249282297,0.392469755040421,0.382649571519097,0.410670928024173,0.395391745163702,0.451689872431491,0.439525149714041,0,0,0,0,0,0
175035,0.29994195966707,-0.00564779680092466,0.25661586659776,0.24522773697486,0.262707316041605,0.249727283857502,0.283180931015536,0.274807892469059,0,0,0,0,0,0
175237,0.4868440184355,-0.00444056132002299,0.406190473858118,0.394940847424085,0.412879097235214,0.399352961508372,0.459182422627218,0.442577280640758,0,0,0,0,0,0
175439,0.299213305983961,-0.00486049707709471,0.28081894401564,0.278413175319423,0.280835846394499,0.278386511957996,0.28081894401564,0.278413175319423,0,0,0,0,0,0
176037,0.585669220520856,-0.00338326976738902,0.455232609535719,0.442071647891791,0.501318389790725,0.478268368797451,0.545280695947205,0.531549876479214,0,0,0,0,0,0
176239,0.27797062545893,-0.00552292281580485,0.241284198782551,0.243507350663519,0.241464625994154,0.243855527806314,0.256410875075297,0.254358582174632,0,0,0,0,0,0
176441,0.324990861465866,-0.00484490249128627,0.291089705734092,0.285459760844051,0.291037923575604,0.285207941502185,0.301644226904399,0.296868686001261,0,0,0,0,0,0
177140,0.373402713087817,-0.00447195764038343,0.309277008651645,0.303644173373893,0.309258045012261,0.303890809484538,0.347022788089957,0.339984364499646,0,0,0,0,0,0
178647,0.188641540431708,-0.00483198829082784,0.174203793097308,0.170623977595946,0.174236058957617,0.170755796616736,0.175325539529025,0.171013295264583,0,0,0,0,0,0
178748,0.287196492755379,-0.00447746889111813,0.273979303076463,0.271035663543189,0.274221397747418,0.270886477438007,0.273979303076463,0.271035663543189,0,0,0,0,0,0
179346,0.264807518729715,-0.00525207918199899,0.244203001533753,0.241732520328723,0.24414969238205,0.241542662848184,0.244203001533753,0.241732520328723,0,0,0,0,0,0
181131,0.266760743487488,-0.00459249604249328,0.240971495671369,0.235413051523986,0.240906978711553,0.235465322706266,0.24850164242446,0.243147493456112,0,0,0,0,0,0
181636,0.213830249747554,-0.00514032087536329,0.201154846293254,0.197874769726819,0.20105971632576,0.197601607885996,0.201154846293254,0.197874769726819,0,0,0,0,0,0
183034,0.31113913749589,-0.00510121115163215,0.271709779488122,0.262277808085763,0.271726076418974,0.262181820835023,0.289499263048907,0.281643927133442,0,0,0,0,0,0
185139,0.541578259639072,-0.00368479052571403,0.441098668783034,0.428375203952968,0.457922875990852,0.439107234460341,0.503931664368274,0.491318279368897,0,0,0,0,0,0
186848,0.390421645243786,-0.00488297961667248,0.325932675002852,0.334732874844784,0.326272626560795,0.334890978408885,0.35958884801548,0.357362005101088,0,0,0,0,0,0
187345,0.35076234544168,-0.00527739152508517,0.287424173827647,0.280406354030252,0.298545235660417,0.288851552621614,0.331389824388285,0.321903804307115,0,0,0,0,0,0
187547,0.361388132499838,-0.00380078229175715,0.313235128649926,0.304702996194595,0.31318305023061,0.304761654207337,0.331980046027632,0.326852943402276,0,0,0,0,0,0
188347,0.483006790319529,-0.00396175828979916,0.435206760372175,0.422566914016037,0.435156462089776,0.422546912626379,0.44690981411099,0.437053995095223,0,0,0,0,0,0
188448,0.508825473432775,-0.00325354194466458,0.392549654089777,0.379723347756724,0.426574424197972,0.417519592956953,0.466378671592849,0.462389366939677,0,0,0,0,0,0
188549,0.464414612991063,-0.00489630211596396,0.409116314929301,0.380747872289033,0.409185632992723,0.380984035991441,0.439998564680253,0.421026732807716,0,0,0,0,0,0
188751,0.172030275675612,-0.00538920399217724,0.157546432735581,0.160321344887865,0.157706971918595,0.160418110606574,0.157546432735581,0.160321344887865,0,0,0,0,0,0
189652,0.416628881382001,-0.00394846567890776,0.354279730584139,0.339528060263175,0.356249762039639,0.341548847200286,0.390284754989797,0.378333210530246,0,0,0,0,0,0
191336,0.593098171046829,-0.00259673706609213,0.477981470534781,0.468082713643007,0.499639149662503,0.482193103165541,0.54762847082387,0.536263488421637,0,0,0,0,0,0
191841,0.48245197184126,-0.00462416450804988,0.375232010337819,0.370314442200257,0.398044614454392,0.389446682885526,0.446844221964815,0.43569442721423,0,0,0,0,0,0
191942,0.597638481186476,-0.00372767046762205,0.47885853550586,0.471186456268421,0.493738026641382,0.484409111285116,0.542238249299726,0.539334996418171,0,0,0,0,0,0
192237,0.214636374129937,-0.00594775503545044,0.18425961950853,0.192705400611269,0.184051274773425,0.1925273509159,0.196412823047058,0.198948560050042,0,0,0,0,0,0
192540,0.478589351636828,-0.00356917213513111,0.413062587527352,0.406944217556703,0.413052643381103,0.407236236521362,0.446307961493711,0.433893349471388,0,0,0,0,0,0
192843,0.465890327590646,-0.00365685110317228,0.353341644445888,0.346780892273981,0.399035862123737,0.382131246290791,0.435093969760349,0.425378721388431,0,0,0,0,0,0
194140,0.29297895333832,-0.00455941267225691,0.275428623330221,0.267544075904753,0.275461989065819,0.267623614578195,0.275428623330221,0.267544075904753,0,0,0,0,0,0
194443,0.286561920028061,-0.00494191121496268,0.235157614572171,0.236817706305437,0.234930750477456,0.236714678149769,0.264907217488054,0.261075992151022,0,0,0,0,0,0
194645,0.388943274710275,-0.00451664658427246,0.348705673998743,0.346232782139566,0.348761908296137,0.345910259041492,0.361146620544305,0.354408952003597,0,0,0,0,0,0
195445,0.276593811207563,-0.00477541798863346,0.257012928912663,0.249209380307797,0.257054402503231,0.249170289799492,0.258937422013366,0.251858374180461,0,0,0,0,0,0
195849,0.458951910131036,-0.00345072382556916,0.369794041032502,0.358183771663147,0.387194832556879,0.37473547432256,0.4272154634093,0.416101450230536,0,0,0,0,0,0
197348,0.338717347140011,-0.00508206607555153,0.285121382668961,0.28411611721954,0.285148546872978,0.284030399929989,0.315280624417663,0.309434059356877,0,0,0,0,0,0
198047,0.330407156423888,-0.00491032500353451,0.293616824964723,0.285775767794184,0.293477363621644,0.285750009317139,0.306194998069157,0.299339301087327,0,0,0,0,0,0
198350,0.131479006796574,-0.00647812749177747,0.12977400967675,0.123591775319422,0.129893725535629,0.123558499561838,0.12977400967675,0.123591775319422,0,0,0,0,0,0
198653,0.346641276967543,-0.00391932170336089,0.30334605410955,0.290173463415097,0.303383734529724,0.290402547139263,0.323917943130078,0.314485306801534,0,0,0,0,0,0
199150,0.256514277088227,-0.00687774196275714,0.240493453261917,0.22902825018297,0.240402373835269,0.229090019984076,0.246618220880852,0.240786459320378,0,0,0,0,0,0
199453,0.226364532605221,-0.00618285416507184,0.200866284731576,0.197561421569766,0.200892791520538,0.197598383439491,0.208462417683747,0.206081984007661,0,0,0,0,0,0
200311,0.351306173787302,-0.00548334568305195,0.296666299100016,0.288378518187191,0.296641852546307,0.288397570003786,0.32831839862791,0.318904495561153,0,0,0,0,0,0
201111,0.583659070623458,-0.00362911453178652,0.494452261889716,0.469904851175008,0.497785392188295,0.472359180385544,0.549528999831371,0.532142472132308,0,0,0,0,0,0
201515,0.165161601571752,-0.00724131776594821,0.149753178141595,0.148396873232523,0.149883872975936,0.148179407666368,0.157603320583233,0.153961145562752,0,0,0,0,0,0
204319,0.296547894332702,-0.00462116419964427,0.288641278792467,0.282707935050545,0.288670937994263,0.282582101104587,0.288641278792467,0.282707935050545,0,0,0,0,0,0
204521,0.505542916264922,-0.00453272298883879,0.408122362647499,0.400110645691142,0.423432396627693,0.412059352782055,0.47331847828875,0.462510550552722,0,0,0,0,0,0
204622,0.291069474538842,-0.0051067353605158,0.251432249457099,0.258139046418519,0.251367619615179,0.258227296262216,0.267289971268122,0.266345254203289,0,0,0,0,0,0
205725,0.363040379567302,-0.00432531252589343,0.316781334377956,0.308213562380824,0.316717631788972,0.308212802812951,0.335415811445547,0.328791092403288,0,0,0,0,0,0
206222,0.187425771692961,-0.00530483208894084,0.176854396719117,0.172405967279357,0.176828415791648,0.1723375487808,0.176854396719117,0.172405967279357,0,0,0,0,0,0
206525,0.421679382631335,-0.00452018526951265,0.33295262644247,0.34365088131752,0.343688674468694,0.350169114200221,0.394635580934263,0.38931549897224,0,0,0,0,0,0
206828,0.271260905209422,-0.0049395166657579,0.241464260356775,0.233435896179471,0.241369853274822,0.23356315937478,0.25730830878291,0.247302908864459,0,0,0,0,0,0
206929,0.347386988792765,-0.00580982300300956,0.269191427279228,0.270557630003809,0.295821097177826,0.28959897175531,0.331197484112405,0.324300548768824,0,0,0,0,0,0
207123,0.154953556844771,-0.00640737965311374,0.146091009657994,0.147292808791713,0.146036717053324,0.147412444384229,0.146091009657994,0.147292808791713,0,0,0,0,0,0
207426,0.274190352866971,-0.00625981752696673,0.222477998047124,0.233593672548124,0.222596421913338,0.233826170014281,0.252446193574181,0.253766657858073,0,0,0,0,0,0
209127,0.201681196919355,-0.005549184348288,0.189505843251241,0.188286439157454,0.189562678987952,0.188310335231204,0.189505843251241,0.188286439157454,0,0,0,0,0,0
209228,0.643674435279274,-0.00248319408289161,0.53914580003051,0.522901012200165,0.539101263980024,0.522941973022155,0.598070995962536,0.582757457438025,0,0,0,0,0,0
210415,0.283652764104662,-0.00470480326911575,0.260919550847195,0.253275817656329,0.260862504290827,0.253231739940257,0.266364608447233,0.259976201015271,0,0,0,0,0,0
211215,0.427108826778564,-0.00520599283347609,0.306162511148721,0.31688055601878,0.351018800689234,0.346255506668471,0.389593008913047,0.386601276670173,0,0,0,0,0,0
211316,0.60011912019388,-0.00349896305923463,0.479255589118258,0.481343298453616,0.490850442705384,0.489330506314519,0.558077735034327,0.543987723362014,0,0,0,0,0,0
211417,0.472882671352315,-0.00475986711897703,0.383429897057137,0.372037462931464,0.394454787824058,0.384527165231445,0.439015865647,0.428409596500821,0,0,0,0,0,0
211619,0.255043253406651,-0.00474506861630835,0.211677883954241,0.208987555776643,0.219478991264882,0.213443086224671,0.242189243307701,0.235501059914812,0,0,0,0,0,0
211720,0.260039578838161,-0.00572234503659625,0.210655089382371,0.22688679762997,0.210142865656475,0.227132982517349,0.247160456264928,0.239570781467922,0,0,0,0,0,0
211821,0.322866321834382,-0.00530907800247692,0.269365607414214,0.260948171758645,0.274896974667331,0.265958164713488,0.305102207605986,0.295129397607507,0,0,0,0,0,0
212419,0.403191399310841,-0.00394361620292016,0.35615084919068,0.342046787562036,0.356117450610898,0.341680012290819,0.377218332391521,0.365609354167237,0,0,0,0,0,0
212823,0.397869266221833,-0.00495060604357279,0.348141252448381,0.339544486598989,0.348346643558925,0.339761635777947,0.376170334128004,0.364602337516335,0,0,0,0,0,0
214019,0.517402366529985,-0.0032754306253123,0.464585992147495,0.448097883865968,0.464653297995047,0.447779493389106,0.488950497318092,0.470139110945176,0,0,0,0,0,0
214524,0.514119585841412,-0.00375197723960189,0.41025575097403,0.396927073768788,0.440366039353527,0.421420735844491,0.476706544424874,0.466723780411066,0,0,0,0,0,0
214726,0.351027048138324,-0.00494516832016113,0.288804140099788,0.280908853475476,0.297062518634183,0.287977755778305,0.330176421554656,0.321199039105228,0,0,0,0,0,0
217126,0.236997446815879,-0.00525354945238301,0.224049568414826,0.220092140436784,0.224036364506831,0.22012213780785,0.224049568414826,0.220092140436784,0,0,0,0,0,0
217429,0.427383487767859,-0.00424297319078161,0.360670742834984,0.354739670570744,0.360917751117663,0.354617163405643,0.396814829937323,0.388349685180496,0,0,0,0,0,0
224022,0.480623174550705,-0.00402772440636066,0.402466877314136,0.393359513232239,0.406926177935467,0.395619220219315,0.447180778685323,0.437529809785558,0,0,0,0,0,0
231928,0.308987354039388,-0.00527880608033421,0.27292973706695,0.276640311293791,0.272943505626313,0.276421305436224,0.281140054440811,0.28391782234391,0,0,0,0,0,0
233326,0.199428303850155,-0.00518948768210199,0.198382223686264,0.195474760991154,0.198390373009885,0.195484701834026,0.198382223686264,0.195474760991154,0,0,0,0,0,0
237334,0.475055382379473,-0.00350752917447659,0.376207801581135,0.367276176334917,0.39420538771145,0.386217534908231,0.4377979624993,0.43079288660477,0,0,0,0,0,0
238033,0.277859542078537,-0.00589372957096206,0.264433792941591,0.263807306470257,0.264387146883815,0.263684872330232,0.264433792941591,0.263807306470257,0,0,0,0,0,0
239136,0.453577577016387,-0.00444971996261676,0.337254501542272,0.341191022727662,0.376890710914996,0.371842812841541,0.420614445378491,0.413362518538507,0,0,0,0,0,0
246133,0.42719918733132,-0.00556343469151333,0.339350081104495,0.331171953978009,0.363204747196377,0.347589659238349,0.399884451070611,0.387956012234289,0,0,0,0,0,0
248339,0.354746137400668,-0.0043617191801027,0.30035731689878,0.302151273832134,0.300120634567707,0.302004136261007,0.327335594581804,0.32409308832309,0,0,0,0,0,0
249947,0.404378149179804,-0.00484193633262959,0.36690010871625,0.344613969283861,0.366987677696697,0.344444376102255,0.37869929633747,0.364962583528809,0,0,0,0,0,0
250427,0.156763866508955,-0.00574519345556932,0.151091516014248,0.150230895931107,0.151014780187472,0.150249868812009,0.151091516014248,0.150230895931107,0,0,0,0,0,0
250932,0.288240030202172,-0.00514469521426597,0.248397542041271,0.253673185091162,0.248369244263045,0.253756317149821,0.267714712860379,0.262791131346125,0,0,0,0,0,0
256540,0.288711621815496,-0.00604282828121324,0.222849112967187,0.223464276047853,0.238203028024122,0.234234914121133,0.269033932811472,0.262961193237662,0,0,0,0,0,0
257542,0.294867629204773,-0.00433034210698052,0.256982815167021,0.248038722796403,0.256969464706533,0.24827589664564,0.275252518552404,0.270228514417422,0,0,0,0,0,0
257845,0.33952118348463,-0.0043503100661021,0.300571658944743,0.299357263062744,0.300663862734874,0.299445643576717,0.31678139160727,0.311345792702275,0,0,0,0,0,0
268850,0.62625955395462,-0.0035031849660644,0.477491833037443,0.470527373213587,0.528449295324619,0.509398443767001,0.583262187394633,0.569925680807595,0,0,0,0,0,0
270332,0.310827951638068,-0.0047470347339748,0.262907329045003,0.262798437902183,0.263040395474265,0.262726367491647,0.290992843075858,0.284136346258736,0,0,0,0,0,0
280739,0.512418661857495,-0.00475486302579328,0.442216410207675,0.421246001441463,0.442241309472792,0.421073141921806,0.477881393741731,0.4637505782001,0,0,0,0,0,0
285345,0.606297887510834,-0.00309182362377132,0.443509413083871,0.444688231316158,0.503607481565566,0.492040815170992,0.554905519146556,0.548357524036535,0,0,0,0,0,0
290136,0.412523152197577,-0.00364028482113345,0.354866023665412,0.347361096849141,0.354606125193337,0.346983141384742,0.382654866622659,0.376107112658936,0,0,0,0,0,0
293748,0.563393235772275,-0.00364796445340378,0.410805160494794,0.423636253186515,0.468455405691249,0.459376731518477,0.524543230357497,0.509769889285556,0,0,0,0,0,0
297655,0.440121620308213,-0.00482029635147603,0.344132745816329,0.338283718091011,0.377707871939633,0.361652458742784,0.412661576081215,0.400718882939568,0,0,0,0,0,0
298455,0.405454365732814,-0.00436420030375861,0.334732975591442,0.337963944645083,0.334877169575691,0.338238056016942,0.372056083792992,0.368809601172692,0,0,0,0,0,0
300719,0.514405847495487,-0.0034319598557654,0.411376009434757,0.412198820293196,0.41949519123358,0.41909621474731,0.469815251783986,0.466794086322795,0,0,0,0,0,0
304727,0.167248255105229,-0.00736002528917215,0.162612942585685,0.160130744283801,0.162685463115949,0.160148850805218,0.162612942585685,0.160130744283801,0,0,0,0,0,0
305830,0.306782828047632,-0.00594206811713054,0.266654655392175,0.257270816828897,0.266456082696267,0.257356896746613,0.288572398527575,0.278675282921814,0,0,0,0,0,0
308129,0.199355317510328,-0.00593922793064013,0.179966757347896,0.169527250409578,0.180232028285375,0.169282919125301,0.194561436486267,0.184162416448459,0,0,0,0,0,0
316835,0.385765412587755,-0.00479980542352368,0.353048832854098,0.341575456651228,0.352960914815339,0.34159994391721,0.362505959876173,0.348728593287346,0,0,0,0,0,0
320826,0.245800453576555,-0.0055158784478199,0.20933199060098,0.209909749924749,0.209341681616919,0.20997968485739,0.229538862038259,0.22510375791855,0,0,0,0,0,0
325129,0.296555517062113,-0.00574479149033196,0.225626168574756,0.241659693397045,0.238602252936595,0.24654445941356,0.276879806593369,0.27139763600689,0,0,0,0,0,0
330324,0.391773613611144,-0.00437518712238108,0.347818961981086,0.338175687975106,0.347627616115513,0.338119068712303,0.364855732625321,0.356769032430331,0,0,0,0,0,0
334635,0.360430861667464,-0.00548348605343967,0.315249442461639,0.306025906716385,0.315390357994493,0.305994028936794,0.335989404988848,0.326426727044773,0,0,0,0,0,0
339847,0.234592657397102,-0.00578690182832143,0.219231674133105,0.218170208221242,0.219379602026142,0.218107074677488,0.219231674133105,0.218170208221242,0,0,0,0,0,0
346137,0.478205231918434,-0.00429311445944061,0.395610424290215,0.380698039712703,0.406926125551502,0.389962403283186,0.446242185346956,0.433309106779155,0,0,0,0,0,0
346945,0.371367768956919,-0.00441667955933903,0.307809441112313,0.31375483017504,0.308027520331298,0.313806874089462,0.338589367219375,0.337456132552266,0,0,0,0,0,0
352132,0.595303661903995,-0.00300178674637975,0.512049696698569,0.497733079736529,0.51239360183527,0.49767789521265,0.557595447258602,0.540704904272573,0,0,0,0,0,0
353740,0.299968473167729,-0.00520500219227852,0.256040545366857,0.24741194883165,0.256062590168296,0.247455121779383,0.281198803774718,0.271120748346952,0,0,0,0,0,0
356948,0.344481497285373,-0.00464853218867792,0.309024342865819,0.299401322273087,0.309107446579782,0.299369126784786,0.322329354633162,0.312005068597689,0,0,0,0,0,0
365343,0.229236108015097,-0.00678097404451742,0.181654508947235,0.192867503171986,0.182020905628365,0.192924843473051,0.214932922193797,0.210175845604579,0,0,0,0,0,0
366042,0.239744609521095,-0.00597969710695666,0.224556502116093,0.215559366278475,0.224508884560549,0.215734690488589,0.22554303312627,0.217156864766432,0,0,0,0,0,0
376247,0.488815491780875,-0.00367457578251584,0.391867028770226,0.384717907497689,0.408357040242769,0.39945435469057,0.452429615869462,0.443243538309735,0,0,0,0,0,0
378857,0.473101696082377,-0.00333132542007277,0.402853598980047,0.388738408297411,0.402757593478718,0.388950599235493,0.443547758861327,0.43031361567425,0,0,0,0,0,0
379657,0.261905618389342,-0.00551358588188906,0.240193438795396,0.241127840033973,0.24008343365507,0.240940808961138,0.240193438795396,0.241127840033973,0,0,0,0,0,0
380036,0.505115188737816,-0.00402992037219146,0.369603758343776,0.373029341803709,0.413481299693152,0.412457308020642,0.459122907203924,0.458155337222667,0,0,0,0,0,0
382242,0.113085243153433,-0.00569976982230707,0.110702026914966,0.109156013002586,0.110691052198269,0.109140208476887,0.110702026914966,0.109156013002586,0,0,0,0,0,0
389357,0.44284022308689,-0.00358702718128556,0.3725504568292,0.358424635424055,0.375659800938943,0.360475083204564,0.413571025241173,0.402623678048517,0,0,0,0,0,0
392447,0.171963965758288,-0.00499060303557417,0.164516970417125,0.165437934746121,0.164326399186066,0.165344756658152,0.164516970417125,0.165437934746121,0,0,0,0,0,0
392750,0.334651853184366,-0.00449681106439788,0.294023689827069,0.279694799278025,0.293997200788453,0.279977565051284,0.313368230294898,0.303719155702267,0,0,0,0,0,0
393247,0.329764175718889,-0.00516405147178156,0.294509571823087,0.290167589612092,0.294813757744897,0.29017069804907,0.306534353197503,0.30025943634246,0,0,0,0,0,0
394956,0.439923058068164,-0.00439213044113599,0.379319927785719,0.375822433674289,0.379368828782712,0.375655982094569,0.403203114997817,0.398025944485207,0,0,0,0,0,0
395251,0.248205385651874,-0.00531668772167707,0.229869293098662,0.223446882199453,0.229917828712468,0.223394453548838,0.229987680522404,0.223967670447506,0,0,0,0,0,0
397154,0.50235348765281,-0.00390938449986845,0.433791439316544,0.413735379586881,0.434061280883557,0.413601843002447,0.468800879806246,0.454355523385131,0,0,0,0,0,0
397861,0.44004123302558,-0.00404803404704923,0.374260657209308,0.36371378566023,0.374246841619594,0.364091421592622,0.406770701364956,0.398146880077278,0,0,0,0,0,0
406432,0.277592701036278,-0.00546879713209292,0.255594260999776,0.260745311168859,0.255712028631386,0.260866372620276,0.255594260999776,0.260745311168859,0,0,0,0,0,0
412528,0.366615838018773,-0.00442736816464446,0.3134082075159,0.305793094118544,0.313467427286875,0.305709502184895,0.349380044912944,0.336002994262058,0,0,0,0,0,0
413934,0.463531159274502,-0.00407920498948332,0.366883345850938,0.358448364095718,0.395137403225119,0.378843201243714,0.434979630919678,0.423952509107759,0,0,0,0,0,0
421226,0.537953627337155,-0.00350884229919733,0.421473526771659,0.41542390733798,0.45330062443802,0.44172770997189,0.502758944037121,0.489064249431961,0,0,0,0,0,0
424939,0.340396648301189,-0.00476928286271795,0.310366800883833,0.304779836650592,0.310261499253898,0.304890969582181,0.315968599586772,0.310854491873273,0,0,0,0,0,0
432332,0.567443213670397,-0.00335645745396635,0.469390457699126,0.456431169641499,0.477074530899201,0.462860580104046,0.528622454503375,0.515191592249651,0,0,0,0,0,0
433839,0.473502470773795,-0.0042288783715396,0.345612372171949,0.346966686861878,0.387303743168842,0.387979303733602,0.438497998622313,0.431801402643978,0,0,0,0,0,0
448347,0.485462205330126,-0.00326527267358097,0.379180719003902,0.377555957392254,0.40930839727799,0.398116234683984,0.453436178258316,0.44125006091524,0,0,0,0,0,0
449753,0.316137337976127,-0.0048523732678036,0.263792110876572,0.259080909189262,0.265968271568181,0.259757795306984,0.29764447838761,0.290242118046734,0,0,0,0,0,0
453441,0.325731581168822,-0.00541683485785804,0.279151763781362,0.273243677064261,0.279169393667369,0.27337838597833,0.302328894528777,0.29711351139231,0,0,0,0,0,0
456346,0.297332900980791,-0.0045831073832348,0.269357683146789,0.267694928884742,0.269375594348254,0.26789519634111,0.273755722041139,0.272028542165975,0,0,0,0,0,0
463040,0.392294712960758,-0.00491824408940266,0.353817408486885,0.344624189698315,0.353805373601202,0.34458559236423,0.365758559731766,0.356071303761418,0,0,0,0,0,0
467351,0.586536782253279,-0.00325454301345612,0.457344791013939,0.44795139822313,0.494569108481679,0.4755637985584,0.548129697074257,0.53335679107818,0,0,0,0,0,0
469961,0.272621573515736,-0.0052830858374316,0.256737576198037,0.255279431658692,0.256862831987051,0.255303203303379,0.256737576198037,0.255279431658692,0,0,0,0,0,0
475855,0.328132775233899,-0.00478632976178877,0.268589418765031,0.264377500147709,0.270456486145565,0.265506154089643,0.301716153999669,0.295969206653416,0,0,0,0,0,0
481042,0.317941914037973,-0.00492673997012957,0.297291782483859,0.280343225641082,0.297414567723182,0.280257423194556,0.301234764934526,0.289544733161443,0,0,0,0,0,0
485757,0.403482891816628,-0.00448496095642505,0.340114909084362,0.328864266680587,0.34211600422917,0.330988610754758,0.373077887180427,0.36704170347277,0,0,0,0,0,0
486759,0.311331966412866,-0.00468998835561636,0.280075845072972,0.270022417174511,0.280092664015491,0.270269933306329,0.291296769970546,0.281112966478713,0,0,0,0,0,0
500222,0.278797139468593,-0.00465264683735842,0.246124132971569,0.243073891727604,0.246100071904271,0.243127210338214,0.256904420785478,0.252253235870428,0,0,0,0,0,0
506234,0.356566926827026,-0.00450510598056079,0.343489751647704,0.332741523881649,0.343564617165031,0.333109521194197,0.343489751647704,0.332741523881649,0,0,0,0,0,0
513130,0.463850201227781,-0.00391029437360584,0.394169036544486,0.38372338475844,0.394110049334058,0.383666003106329,0.437247686338645,0.42528974386997,0,0,0,0,0,0
513736,0.319379772855145,-0.00532158030535481,0.281579455949625,0.278691087414426,0.281581644878847,0.278753557301366,0.293658715622755,0.290768095549165,0,0,0,0,0,0
517239,0.340552585665635,-0.00526220146877214,0.279611260582181,0.279215598400059,0.280739538478615,0.280199500220067,0.314956148934561,0.310045609840511,0,0,0,0,0,0
519647,0.464019467953396,-0.00377284999897125,0.366407459393354,0.378503612572478,0.375143183130194,0.380740833203232,0.427907448319639,0.423129385112328,0,0,0,0,0,0
520228,0.178699983576703,-0.00560452510525836,0.152461180704863,0.151518977378771,0.152411799742084,0.151560720647083,0.163406859341879,0.162029498669345,0,0,0,0,0,0
523032,0.265454998950413,-0.0051997352434988,0.22763924192212,0.230966608748188,0.227751915023017,0.230785135841816,0.240606266755568,0.241053514719714,0,0,0,0,0,0
524135,0.284679633015009,-0.00471236275467961,0.253826855175005,0.24759313004071,0.253795556994003,0.247632979117625,0.262644666849525,0.257497238977513,0,0,0,0,0,0
531536,0.346848739198039,-0.00432956986630237,0.315427207496652,0.30919971554147,0.315371708450427,0.309056063751783,0.322084911823311,0.316467867184178,0,0,0,0,0,0
541640,0.31204600668695,-0.00450670516718441,0.268690319634284,0.26638580957748,0.268501450679312,0.266275781868665,0.28512550885839,0.280959934972643,0,0,0,0,0,0
541943,0.356009934527081,-0.00564814758951231,0.299463971891223,0.288378664590375,0.299380266822085,0.288576143321849,0.331604003809295,0.321507415170865,0,0,0,0,0,0
548250,0.310033725829556,-0.00554023791874086,0.26984720315555,0.26384776254722,0.269967003393345,0.264209027222511,0.29082705473558,0.283354644696306,0,0,0,0,0,0
558657,0.183700316936791,-0.00582471758612695,0.180903769352468,0.17985491033523,0.180916737849466,0.179860530165682,0.180903769352468,0.17985491033523,0,0,0,0,0,0
559053,0.335568060708056,-0.00493118264946158,0.287809152430872,0.281704125954562,0.287651303095623,0.28147883218786,0.312939944153633,0.303378531981323,0,0,0,0,0,0
562345,0.0749569995009868,-0.00577426902517921,0.0753248523090737,0.0735548248283413,0.0752175735034521,0.073558288095399,0.0753248523090737,0.0735548248283413,0,0,0,0,0,0
567052,0.467025490060601,-0.00397640841889778,0.433875863266592,0.428620280728164,0.433792291231871,0.428111420552905,0.433875863266592,0.428620280728164,0,0,0,0,0,0
573451,0.269891115434229,-0.00529222448517775,0.245322732783678,0.2426352962605,0.245444181075147,0.242559484774365,0.249511324907395,0.245469979624182,0,0,0,0,0,0
578057,0.525942117316934,-0.00399334325184346,0.415305425966991,0.40965189963169,0.441267379069948,0.427836098196249,0.48708416117869,0.476767351671513,0,0,0,0,0,0
581349,0.408031226898135,-0.00444499349464375,0.371206084405232,0.359573270287026,0.371211544850578,0.359410025226724,0.383629734376475,0.370199062370189,0,0,0,0,0,0
585256,0.280405217953935,-0.00543241614518115,0.269558095877326,0.270716481710135,0.269419033595826,0.270777200541775,0.269558095877326,0.270716481710135,0,0,0,0,0,0
585862,0.360885632818825,-0.0045163860396558,0.318629631606239,0.320328005622135,0.318764234362515,0.320322439594449,0.326649559592652,0.325379137336718,0,0,0,0,0,0
586460,0.42923998917421,-0.0038964371883673,0.38186851958064,0.357410789439525,0.381857986273804,0.357353025364692,0.402729071742757,0.38757903302666,0,0,0,0,0,0
587664,0.340004687191285,-0.00528780492787513,0.271515313651286,0.257755195910475,0.302495789385573,0.279493175857822,0.321277100081232,0.308903572162169,0,0,0,0,0,0
597869,0.358802054063868,-0.00482389234873991,0.304987667265544,0.307579964563479,0.305058281024632,0.307573643882796,0.331340177865119,0.327289630262492,0,0,0,0,0,0
598568,0.24965054330298,-0.00580181811312888,0.231888863402721,0.230880777903181,0.231990962430021,0.230825951953111,0.231888863402721,0.230880777903181,0,0,0,0,0,0
599065,0.352998366680213,-0.00456075902415362,0.321085777603607,0.301967819872217,0.321047381607714,0.301952349178195,0.335575471639952,0.32155651630604,0,0,0,0,0,0
599469,0.271317867559626,-0.00607069231347714,0.231382722212315,0.234733585451963,0.231498547577583,0.235190444716984,0.256098092930143,0.248292162018296,0,0,0,0,0,0
604537,0.207046017861969,-0.00680355548654594,0.202511991672849,0.200869962073506,0.202579281294389,0.200843776575861,0.202511991672849,0.200869962073506,0,0,0,0,0,0
614439,0.134726568735396,-0.00531221062768794,0.134072984618381,0.13205724277383,0.134111342840428,0.132111238940653,0.134072984618381,0.13205724277383,0,0,0,0,0,0
620434,0.262183317426426,-0.00528533431453797,0.219815736356725,0.222842951903018,0.219769683884755,0.222777166097423,0.242149112362963,0.239254301380345,0,0,0,0,0,0
623844,0.431865041404481,-0.00380850757794961,0.379972600191709,0.365668158886819,0.379941196452104,0.365708572060669,0.405116567557289,0.391061481701385,0,0,0,0,0,0
627852,0.383868165112266,-0.00435690777396328,0.31016304417459,0.314798766441392,0.316355051079502,0.317625977110744,0.356459261760209,0.350301926396501,0,0,0,0,0,0
628248,0.407924539792886,-0.00429710731047746,0.329918705548366,0.337533565941434,0.329799003209547,0.337589950176694,0.378766847982899,0.372693561669006,0,0,0,0,0,0
633847,0.234914206745138,-0.00659371615205802,0.212027418309284,0.205036122466007,0.212021681414421,0.205059749462469,0.223677182451029,0.215428183861223,0,0,0,0,0,0
634748,0.357932263062376,-0.004103917946919,0.295526941173342,0.296551316338325,0.295384717214737,0.296623180661359,0.328843121958446,0.324953450673222,0,0,0,0,0,0
645450,0.420717359205201,-0.00362945331474962,0.357966657402749,0.356589152918507,0.358123217904402,0.356311372540647,0.391077046638879,0.382698433153352,0,0,0,0,0,0
654754,0.234674859635274,-0.00591296000924728,0.209110940858545,0.199709151649776,0.209078791788573,0.199873125878288,0.222255628187299,0.212741805182925,0,0,0,0,0,0
656657,0.323130405744691,-0.00485359304332189,0.304979878202421,0.300983637894724,0.304895206212991,0.300812751217487,0.304979878202421,0.300983637894724,0,0,0,0,0,0
657659,0.31688183067698,-0.00495601231951572,0.289120321078079,0.283111326231592,0.289070163309095,0.283422834977272,0.296236359167708,0.288369928435561,0,0,0,0,0,0
663755,0.285400349674573,-0.00561909761664529,0.246501122611575,0.242899878501942,0.246429238406008,0.242573449100054,0.265421058974834,0.257699342999769,0,0,0,0,0,0
664757,0.327000616411669,-0.00508311507467449,0.286118350712944,0.285855443232358,0.28608266363599,0.286033790892363,0.302181229525564,0.296667831898128,0,0,0,0,0,0
667056,0.546821804182889,-0.00342897626699704,0.398247332598061,0.400117619741705,0.453986788948876,0.447031257863019,0.503148631150587,0.496970077219173,0,0,0,0,0,0
668361,0.32009797459301,-0.00449770708472238,0.30888136701376,0.300930910790466,0.308923639676616,0.300785858701039,0.30888136701376,0.300930910790466,0,0,0,0,0,0
677766,0.565343588662128,-0.00327834463168289,0.450526283777964,0.435661175514682,0.478342540341862,0.46236990245593,0.525918887038173,0.512555191763413,0,0,0,0,0,0
677968,0.270324868569268,-0.00542215080357234,0.216540527048922,0.217366845853656,0.216345153551338,0.2172876262442,0.246216022551348,0.24312712396682,0,0,0,0,0,0
683256,0.349716067966736,-0.00476028456798572,0.316432696125275,0.320485758414417,0.316336383119599,0.320724204696544,0.316432696125275,0.320485758414417,0,0,0,0,0,0
698168,0.41485632242366,-0.00413103553571484,0.379308267369697,0.363107865198681,0.379243269171291,0.3636377719123,0.392369460325101,0.377899180038405,0,0,0,0,0,0
700634,0.297181914278602,-0.00435639640859919,0.263007242775634,0.256212655113234,0.263050581292908,0.256217689907987,0.275893186845638,0.26977584338646,0,0,0,0,0,0
707749,0.239735135584829,-0.0049525406335073,0.22617368410814,0.216604402527387,0.22612288893997,0.216593692451537,0.228901368010002,0.219910418699488,0,0,0,0,0,0
709551,0.464850238568372,-0.00401061254104064,0.384764225086015,0.376921671392225,0.388436524201219,0.379575787597221,0.437465507499466,0.422776033539083,0,0,0,0,0,0
715041,0.283234693376586,-0.00584217742547993,0.26068079738835,0.261694399566594,0.260632931387863,0.261754232993765,0.26068079738835,0.261694399566594,0,0,0,0,0,0
723141,0.587736884091039,-0.00333010862162505,0.461054283134237,0.454168938944012,0.489174592786303,0.476096056456111,0.543675362412842,0.531242951594179,0,0,0,0,0,0
724446,0.467363551659679,-0.0042118891067241,0.376512171791077,0.364684804848026,0.398644867010068,0.385501755055706,0.440108203804036,0.425862902132494,0,0,0,0,0,0
731140,0.35363537984536,-0.00451624907432483,0.305143541069111,0.293781215102198,0.305105146780347,0.293665671929309,0.336043074982649,0.32199033963473,0,0,0,0,0,0
744553,0.201914574777603,-0.00580169914632247,0.183106368621068,0.177067990373681,0.183046540505983,0.177141690631101,0.188025512836295,0.182108773764684,0,0,0,0,0,0
748258,0.338767946582109,-0.00487079330702915,0.309697692548799,0.296433045274298,0.309747005903488,0.296731501317608,0.323085280321922,0.309025696469979,0,0,0,0,0,0
753150,0.204841381389924,-0.00562324482721895,0.189867408889961,0.187139519839029,0.189761372029364,0.187073864117548,0.190302256194942,0.188025976081272,0,0,0,0,0,0
753251,0.304950235741571,-0.00454834327549651,0.270460645254311,0.260484670370546,0.270552434881521,0.260395813054319,0.284188802793585,0.275795981313176,0,0,0,0,0,0
763557,0.532941369389245,-0.00360151582601632,0.434346347158658,0.432701250913075,0.438370026125132,0.434339775239076,0.498885621193966,0.487057221973248,0,0,0,0,0,0
769064,0.398091112171152,-0.00403247196511546,0.32416209860649,0.327559166260651,0.324103614775758,0.32760705718693,0.368151475511909,0.36226044969233,0,0,0,0,0,0
770352,0.444069394858926,-0.00449399970534861,0.37165028217897,0.363413251168043,0.371715576464068,0.363180108733254,0.415509726950598,0.402911047571579,0,0,0,0,0,0
771354,0.489236414365169,-0.00412943205950505,0.419629051013688,0.409883121485365,0.419658771548598,0.40970598074795,0.455835150349423,0.443639978521894,0,0,0,0,0,0
782561,0.269591907788247,-0.00519873865965547,0.244178500152213,0.242875934942139,0.24418825035146,0.243039820499929,0.246852368881948,0.244776681213586,0,0,0,0,0,0
784565,0.45350085412512,-0.00369623452570948,0.393719027783943,0.378361961628918,0.39365663482867,0.378283576004706,0.423421794420704,0.410786654504939,0,0,0,0,0,0
788674,0.470091134863592,-0.00389439814899659,0.404812939710136,0.390362621437371,0.404697199417957,0.39018293580513,0.441217275359621,0.426951734020729,0,0,0,0,0,0
789373,0.502192681976373,-0.00316398827143335,0.419404833154555,0.414570294073335,0.419297113656829,0.414477262475,0.462964046573425,0.455343119715468,0,0,0,0,0,0
792867,0.413710676398709,-0.00374071344344293,0.365864175147452,0.357783877882219,0.365888611693586,0.358052510402684,0.386737680639898,0.377482772253346,0,0,0,0,0,0
800941,0.293919289259356,-0.00514120852695636,0.273912673511935,0.266835030352532,0.273977096899811,0.266699538138336,0.275523350315502,0.267216592078091,0,0,0,0,0,0
803240,0.22853215342285,-0.00491665204772063,0.1927316763866,0.193273198166184,0.192844888914839,0.193277864209688,0.205074660383609,0.204967387768897,0,0,0,0,0,0
812746,0.256438172289281,-0.00512248007174401,0.229670450459974,0.224541242141374,0.229645594253991,0.224777398111767,0.241250602230479,0.234370868116502,0,0,0,0,0,0
814548,0.491853094928079,-0.00376108323722934,0.4117425442481,0.407831421269109,0.411646655976266,0.40785520701598,0.457224208952268,0.445334912268099,0,0,0,0,0,0
815247,0.373260537399353,-0.00480468250408488,0.335594125278172,0.335483030973284,0.335549477066998,0.335032292634475,0.343582924126777,0.342187411741652,0,0,0,0,0,0
825048,0.381810874935735,-0.00461845342263975,0.321456866319019,0.314641878828227,0.321606009157029,0.314791612335528,0.355117204683541,0.345128254271064,0,0,0,0,0,0
825654,0.178617991168939,-0.00594135251524795,0.176783563392878,0.174426472546288,0.176744651692646,0.174417141141673,0.176783563392878,0.174426472546288,0,0,0,0,0,0
826353,0.423544484405889,-0.00405411613242069,0.380258774564506,0.367247130993827,0.380247790827425,0.367321041802247,0.397632400877115,0.385728102061672,0,0,0,0,0,0
826454,0.334058144995253,-0.00502490942078713,0.304213896232473,0.287836990595375,0.304201100393537,0.287693400803609,0.321389072249765,0.30373220023563,0,0,0,0,0,0
828862,0.326116963453991,-0.0053244842622232,0.280045285518067,0.278763141800546,0.279949994859496,0.278782401707558,0.29929527787913,0.29479723169863,0,0,0,0,0,0
833148,0.335278808692531,-0.00540010182949698,0.291547909208697,0.287102133923972,0.291755031170105,0.287327318915863,0.320700755976629,0.306898728221003,0,0,0,0,0,0
833249,0.160671055169754,-0.00483014457043293,0.152133147635755,0.152285149875218,0.152129910979095,0.152173220802591,0.152133147635755,0.152285149875218,0,0,0,0,0,0
837964,0.195793171958691,-0.00550387155455962,0.195793171958691,0.194974580894116,0.195793171958691,0.195019759618282,0.195793171958691,0.194974580894116,0,0,0,0,0,0
841349,0.355712322301339,-0.00502761988402855,0.311150694758775,0.304114852516914,0.31098175661861,0.303692561684596,0.330900136909242,0.324941767408999,0,0,0,0,0,0
845458,0.306272657561854,-0.00577900917262298,0.265429501951044,0.264936291681514,0.26519587136134,0.265154088788274,0.284758100214884,0.277894287019078,0,0,0,0,0,0
861456,0.316224542282916,-0.00514488904597446,0.274290567867876,0.272327732036164,0.274413673925033,0.272243838611052,0.291252591559631,0.287737835911377,0,0,0,0,0,0
871964,0.421968691307873,-0.00385106630916203,0.363393401784719,0.354048372837179,0.363307148611571,0.354048968760459,0.396241789985003,0.385831169695894,0,0,0,0,0,0
872562,0.27335649341223,-0.00555442547061606,0.234790538800745,0.23630431043408,0.234687156869353,0.236265660662882,0.249235822020862,0.247164146467054,0,0,0,0,0,0
873968,0.315743567336452,-0.00593882282394274,0.294833877148813,0.297757634398376,0.294783051358316,0.297508997179088,0.294833877148813,0.297757634398376,0,0,0,0,0,0
878877,0.469987759123814,-0.0032903425401661,0.397708728046993,0.397442377865351,0.397914858647596,0.396797174633204,0.432412462508737,0.429520327105935,0,0,0,0,0,0
884064,0.319906661284892,-0.00539983377068812,0.30801261725948,0.297088585952492,0.308046699210837,0.297105872688024,0.30801261725948,0.297088585952492,0,0,0,0,0,0
885975,0.292672995191095,-0.0046972825551894,0.27341504870698,0.273396952055335,0.273404182268873,0.273427949024286,0.27341504870698,0.273396952055335,0,0,0,0,0,0
886674,0.274823047403869,-0.00510852402000043,0.241794857209941,0.237401355907418,0.241723450619293,0.23762282050126,0.254299191432475,0.248255409944345,0,0,0,0,0,0
888678,0.379799560309132,-0.00416713038874991,0.322157531043295,0.32484787301121,0.322253620626246,0.324855462087902,0.349786243795618,0.344251479889562,0,0,0,0,0,0
896778,0.326167644354042,-0.00491238495661855,0.267649764276934,0.258462054241048,0.284394716707048,0.270331073338743,0.305907506919606,0.297830228096653,0,0,0,0,0,0
901139,0.292553332224345,-0.00485170625600025,0.261505265609463,0.255785015382328,0.261464754668341,0.255671951358817,0.278206746284702,0.268243235079734,0,0,0,0,0,0
902242,0.40047878978223,-0.00462600846242566,0.337124060951352,0.32707081198451,0.337059669529909,0.326952641162716,0.372624937854556,0.363120930486959,0,0,0,0,0,0
904044,0.395708926962554,-0.00472127813651039,0.355859082533384,0.350263122053654,0.356026459698817,0.350242868631927,0.367906434976977,0.362603865482743,0,0,0,0,0,0
905147,0.338955174938443,-0.00509803577850881,0.302887766418459,0.303624690949654,0.302738014258701,0.303590455853683,0.313944213715772,0.310339227118703,0,0,0,0,0,0
907656,0.409327563572497,-0.00435397287219135,0.357952064027246,0.360421827073046,0.357992180712467,0.360549075074523,0.37581062550795,0.372430177769838,0,0,0,0,0,0
908860,0.602613549056511,-0.0030802321964556,0.467680613281884,0.453660745826456,0.515637901622802,0.492687524259868,0.564940274560295,0.547042697034254,0,0,0,0,0,0
911849,0.265951552899587,-0.00538897683509603,0.25068783413293,0.244918966207484,0.250692200289913,0.244914749487979,0.25068783413293,0.244918966207484,0,0,0,0,0,0
926862,0.284017914517831,-0.00458333681090564,0.252077456465557,0.245059296501849,0.252166718925493,0.245235931552075,0.267940059467331,0.25770162482348,0,0,0,0,0,0
952863,0.29520232267667,-0.00542737941626129,0.251179407645833,0.255276667029904,0.251005221336527,0.255180037085591,0.276401235685365,0.271709492835219,0,0,0,0,0,0
957974,0.249812751908865,-0.00546993991073849,0.244153662701441,0.236131531632113,0.244176384191147,0.2360995645859,0.244153662701441,0.236131531632113,0,0,0,0,0,0
958976,0.461200603516171,-0.00406396789757821,0.369556279225662,0.372264984150453,0.376303572056886,0.376062352299132,0.431912532140949,0.418036752614063,0,0,0,0,0,0
962058,0.250470664544514,-0.00500491769151685,0.240588407917939,0.228244784641935,0.24057684379179,0.228201754522747,0.240908607487451,0.228844722628286,0,0,0,0,0,0
969476,0.276800530467145,-0.00619885421124919,0.226624847238283,0.230848155537818,0.229102683021306,0.232376079824558,0.257960337266043,0.255923737020529,0,0,0,0,0,0
987074,0.26533105294625,-0.00537823872284226,0.238675845383403,0.237100052653482,0.238690695756149,0.23670168370343,0.247276572505901,0.242101615979638,0,0,0,0,0,0
987983,0.341401805241286,-0.00482645312542613,0.315399712313453,0.306877005132442,0.315138096537113,0.30700965263467,0.318555529627488,0.310967743930701,0,0,0,0,0,0
989987,0.541153511376117,-0.00356279907262277,0.439296120289709,0.425626297534817,0.461463420758014,0.440672136634428,0.507738898023299,0.491307882997945,0,0,0,0,0,0
992673,0.387986651199364,-0.00430025549342701,0.332418654639424,0.335472792254796,0.332212448967923,0.335515251891856,0.357323855702566,0.352713015174933,0,0,0,0,0,0
993675,0.662712004128003,-0.00234760182861229,0.523454984898349,0.512527664893678,0.55813574042445,0.544380186000132,0.607267310490368,0.599569068305228,0,0,0,0,0,0
