Subject,none,all,peak_dense_80,matched_random_80,peak_dense_90,matched_random_90,peak_dense_95,matched_random_95
100206,0.3595029182365,NaN,NaN,NaN,NaN,NaN,NaN,NaN
100307,0.439531254639413,NaN,NaN,NaN,NaN,NaN,NaN,NaN
100408,0.326621498071908,NaN,NaN,NaN,NaN,NaN,NaN,NaN
100610,0.360085794801205,NaN,NaN,NaN,NaN,NaN,NaN,NaN
101006,0.37198032161869,NaN,NaN,NaN,NaN,NaN,NaN,NaN
101107,0.454930510092925,NaN,NaN,NaN,NaN,NaN,NaN,NaN
101309,0.437450292498106,NaN,NaN,NaN,NaN,NaN,NaN,NaN
101915,0.304764509142533,NaN,NaN,NaN,NaN,NaN,NaN,NaN
102008,0.170573844610181,NaN,NaN,NaN,NaN,NaN,NaN,NaN
102109,0.379248915763245,NaN,NaN,NaN,NaN,NaN,NaN,NaN
102311,0.302329164109546,NaN,NaN,NaN,NaN,NaN,NaN,NaN
102513,0.573003420969265,NaN,NaN,NaN,NaN,NaN,NaN,NaN
102614,0.43360957424272,NaN,NaN,NaN,NaN,NaN,NaN,NaN
102816,0.287187087098095,NaN,NaN,NaN,NaN,NaN,NaN,NaN
103111,0.486967251069993,NaN,NaN,NaN,NaN,NaN,NaN,NaN
103212,0.340604609845619,NaN,NaN,NaN,NaN,NaN,NaN,NaN
103515,0.230664740350369,NaN,NaN,NaN,NaN,NaN,NaN,NaN
103818,0.286118500288832,NaN,NaN,NaN,NaN,NaN,NaN,NaN
104012,0.363441158224295,NaN,NaN,NaN,NaN,NaN,NaN,NaN
104416,0.40282546537293,NaN,NaN,NaN,NaN,NaN,NaN,NaN
105014,0.240954874956497,NaN,NaN,NaN,NaN,NaN,NaN,NaN
105115,0.370884124930275,NaN,NaN,NaN,NaN,NaN,NaN,NaN
105216,0.445498943303011,NaN,NaN,NaN,NaN,NaN,NaN,NaN
105620,0.319341411039224,NaN,NaN,NaN,NaN,NaN,NaN,NaN
105923,0.354508559920055,NaN,NaN,NaN,NaN,NaN,NaN,NaN
106016,0.413373005048423,NaN,NaN,NaN,NaN,NaN,NaN,NaN
106521,0.364491861861783,NaN,NaN,NaN,NaN,NaN,NaN,NaN
106824,0.386675640315216,NaN,NaN,NaN,NaN,NaN,NaN,NaN
107018,0.22521243540259,NaN,NaN,NaN,NaN,NaN,NaN,NaN
107321,0.415122847830294,NaN,NaN,NaN,NaN,NaN,NaN,NaN
107422,0.324004739405719,NaN,NaN,NaN,NaN,NaN,NaN,NaN
107725,0.31211667235845,NaN,NaN,NaN,NaN,NaN,NaN,NaN
108020,0.444901736819684,NaN,NaN,NaN,NaN,NaN,NaN,NaN
108121,0.186704608868224,NaN,NaN,NaN,NaN,NaN,NaN,NaN
108323,0.187077005239249,NaN,NaN,NaN,NaN,NaN,NaN,NaN
108525,0.358441619056987,NaN,NaN,NaN,NaN,NaN,NaN,NaN
108828,0.435902479704925,NaN,NaN,NaN,NaN,NaN,NaN,NaN
109123,0.406298501335076,NaN,NaN,NaN,NaN,NaN,NaN,NaN
109325,0.345184426210242,NaN,NaN,NaN,NaN,NaN,NaN,NaN
109830,0.405984704425253,NaN,NaN,NaN,NaN,NaN,NaN,NaN
110007,0.297122015758336,NaN,NaN,NaN,NaN,NaN,NaN,NaN
110411,0.355894606708216,NaN,NaN,NaN,NaN,NaN,NaN,NaN
110613,0.275464442140793,NaN,NaN,NaN,NaN,NaN,NaN,NaN
111009,0.324724310637784,NaN,NaN,NaN,NaN,NaN,NaN,NaN
111211,0.293741899338716,NaN,NaN,NaN,NaN,NaN,NaN,NaN
111312,0.309608728756129,NaN,NaN,NaN,NaN,NaN,NaN,NaN
111413,0.286262869461594,NaN,NaN,NaN,NaN,NaN,NaN,NaN
111716,0.306209684318044,NaN,NaN,NaN,NaN,NaN,NaN,NaN
112112,0.356502194806385,NaN,NaN,NaN,NaN,NaN,NaN,NaN
112314,0.262617519236778,NaN,NaN,NaN,NaN,NaN,NaN,NaN
112516,0.316554004803049,NaN,NaN,NaN,NaN,NaN,NaN,NaN
112920,0.511343934198874,NaN,NaN,NaN,NaN,NaN,NaN,NaN
113215,0.275854524853508,NaN,NaN,NaN,NaN,NaN,NaN,NaN
113316,0.260456682089616,NaN,NaN,NaN,NaN,NaN,NaN,NaN
113922,0.387661443652527,NaN,NaN,NaN,NaN,NaN,NaN,NaN
114217,0.322747739240276,NaN,NaN,NaN,NaN,NaN,NaN,NaN
114318,0.15938565281718,NaN,NaN,NaN,NaN,NaN,NaN,NaN
114419,0.258725961199126,NaN,NaN,NaN,NaN,NaN,NaN,NaN
114621,0.656930120854245,NaN,NaN,NaN,NaN,NaN,NaN,NaN
114823,0.465370242460234,NaN,NaN,NaN,NaN,NaN,NaN,NaN
114924,0.227639055534314,NaN,NaN,NaN,NaN,NaN,NaN,NaN
115017,0.270983954706838,NaN,NaN,NaN,NaN,NaN,NaN,NaN
115219,0.241081164261357,NaN,NaN,NaN,NaN,NaN,NaN,NaN
115320,0.311623486333048,NaN,NaN,NaN,NaN,NaN,NaN,NaN
115825,0.356230150867946,NaN,NaN,NaN,NaN,NaN,NaN,NaN
116524,0.324485313865078,NaN,NaN,NaN,NaN,NaN,NaN,NaN
116726,0.352023903685888,NaN,NaN,NaN,NaN,NaN,NaN,NaN
117021,0.343428441217426,NaN,NaN,NaN,NaN,NaN,NaN,NaN
117122,0.44805235865204,NaN,NaN,NaN,NaN,NaN,NaN,NaN
117324,0.381173202847207,NaN,NaN,NaN,NaN,NaN,NaN,NaN
117930,0.286478871117953,NaN,NaN,NaN,NaN,NaN,NaN,NaN
118528,0.459823809809284,NaN,NaN,NaN,NaN,NaN,NaN,NaN
118730,0.37872499817759,NaN,NaN,NaN,NaN,NaN,NaN,NaN
118831,0.228618438951648,NaN,NaN,NaN,NaN,NaN,NaN,NaN
118932,0.477785550196294,NaN,NaN,NaN,NaN,NaN,NaN,NaN
119025,0.216879443166395,NaN,NaN,NaN,NaN,NaN,NaN,NaN
119126,0.583316389110776,NaN,NaN,NaN,NaN,NaN,NaN,NaN
120212,0.390291434877311,NaN,NaN,NaN,NaN,NaN,NaN,NaN
120414,0.282538978167417,NaN,NaN,NaN,NaN,NaN,NaN,NaN
120515,0.38766838335718,NaN,NaN,NaN,NaN,NaN,NaN,NaN
120717,0.27307759709971,NaN,NaN,NaN,NaN,NaN,NaN,NaN
121416,0.549871029420611,NaN,NaN,NaN,NaN,NaN,NaN,NaN
121618,0.415649930991906,NaN,NaN,NaN,NaN,NaN,NaN,NaN
121921,0.240454019372274,NaN,NaN,NaN,NaN,NaN,NaN,NaN
122317,0.261982272736563,NaN,NaN,NaN,NaN,NaN,NaN,NaN
122620,0.443828222224262,NaN,NaN,NaN,NaN,NaN,NaN,NaN
122822,0.318590846114892,NaN,NaN,NaN,NaN,NaN,NaN,NaN
123117,0.328492922405094,NaN,NaN,NaN,NaN,NaN,NaN,NaN
123420,0.20221225034366,NaN,NaN,NaN,NaN,NaN,NaN,NaN
123521,0.28309878163251,NaN,NaN,NaN,NaN,NaN,NaN,NaN
123723,0.190260173975368,NaN,NaN,NaN,NaN,NaN,NaN,NaN
123824,0.160985698950761,NaN,NaN,NaN,NaN,NaN,NaN,NaN
123925,0.20685114687952,NaN,NaN,NaN,NaN,NaN,NaN,NaN
124220,0.0607811723679756,NaN,NaN,NaN,NaN,NaN,NaN,NaN
125222,0.234996119918321,NaN,NaN,NaN,NaN,NaN,NaN,NaN
125525,0.378717062681348,NaN,NaN,NaN,NaN,NaN,NaN,NaN
126325,0.413887592124509,NaN,NaN,NaN,NaN,NaN,NaN,NaN
126426,0.440552323126094,NaN,NaN,NaN,NaN,NaN,NaN,NaN
126628,0.191076675030884,NaN,NaN,NaN,NaN,NaN,NaN,NaN
127327,0.218365213575866,NaN,NaN,NaN,NaN,NaN,NaN,NaN
127630,0.273458974294323,NaN,NaN,NaN,NaN,NaN,NaN,NaN
127832,0.337526228990271,NaN,NaN,NaN,NaN,NaN,NaN,NaN
127933,0.401576414302038,NaN,NaN,NaN,NaN,NaN,NaN,NaN
128026,0.18700588738048,NaN,NaN,NaN,NaN,NaN,NaN,NaN
128127,0.284811749042474,NaN,NaN,NaN,NaN,NaN,NaN,NaN
128632,0.466204408859711,NaN,NaN,NaN,NaN,NaN,NaN,NaN
128935,0.29364486517282,NaN,NaN,NaN,NaN,NaN,NaN,NaN
129028,0.576726884967366,NaN,NaN,NaN,NaN,NaN,NaN,NaN
129331,0.215005627950996,NaN,NaN,NaN,NaN,NaN,NaN,NaN
129634,0.327530421254562,NaN,NaN,NaN,NaN,NaN,NaN,NaN
130114,0.539501556854505,NaN,NaN,NaN,NaN,NaN,NaN,NaN
130316,0.253132750602044,NaN,NaN,NaN,NaN,NaN,NaN,NaN
130417,0.279547981469471,NaN,NaN,NaN,NaN,NaN,NaN,NaN
130518,0.33317888191949,NaN,NaN,NaN,NaN,NaN,NaN,NaN
130619,0.304005955531529,NaN,NaN,NaN,NaN,NaN,NaN,NaN
130720,0.318372509790532,NaN,NaN,NaN,NaN,NaN,NaN,NaN
131217,0.25322212970467,NaN,NaN,NaN,NaN,NaN,NaN,NaN
131419,0.385675378713554,NaN,NaN,NaN,NaN,NaN,NaN,NaN
131722,0.322304808480862,NaN,NaN,NaN,NaN,NaN,NaN,NaN
131823,0.281456340192042,NaN,NaN,NaN,NaN,NaN,NaN,NaN
132017,0.268839189656019,NaN,NaN,NaN,NaN,NaN,NaN,NaN
133019,0.292577636312392,NaN,NaN,NaN,NaN,NaN,NaN,NaN
133827,0.463818529713184,NaN,NaN,NaN,NaN,NaN,NaN,NaN
133928,0.709023206939987,NaN,NaN,NaN,NaN,NaN,NaN,NaN
134021,0.4142595601166,NaN,NaN,NaN,NaN,NaN,NaN,NaN
134223,0.360755623627573,NaN,NaN,NaN,NaN,NaN,NaN,NaN
134324,0.287876399373264,NaN,NaN,NaN,NaN,NaN,NaN,NaN
134829,0.374055599290497,NaN,NaN,NaN,NaN,NaN,NaN,NaN
135124,0.417820861951833,NaN,NaN,NaN,NaN,NaN,NaN,NaN
135225,0.324049762420544,NaN,NaN,NaN,NaN,NaN,NaN,NaN
135528,0.635203329805193,NaN,NaN,NaN,NaN,NaN,NaN,NaN
135629,0.280668936694207,NaN,NaN,NaN,NaN,NaN,NaN,NaN
136227,0.303078687313303,NaN,NaN,NaN,NaN,NaN,NaN,NaN
136631,0.250943000376016,NaN,NaN,NaN,NaN,NaN,NaN,NaN
136833,0.454848737980769,NaN,NaN,NaN,NaN,NaN,NaN,NaN
137027,0.401025034945355,NaN,NaN,NaN,NaN,NaN,NaN,NaN
137229,0.378617477987601,NaN,NaN,NaN,NaN,NaN,NaN,NaN
137532,0.327755919602732,NaN,NaN,NaN,NaN,NaN,NaN,NaN
138130,0.369797151320366,NaN,NaN,NaN,NaN,NaN,NaN,NaN
138332,0.357692396526018,NaN,NaN,NaN,NaN,NaN,NaN,NaN
138534,0.432702957280919,NaN,NaN,NaN,NaN,NaN,NaN,NaN
138837,0.472049983846408,NaN,NaN,NaN,NaN,NaN,NaN,NaN
139233,0.26882067878278,NaN,NaN,NaN,NaN,NaN,NaN,NaN
139435,0.299096287145584,NaN,NaN,NaN,NaN,NaN,NaN,NaN
139637,0.498819893745335,NaN,NaN,NaN,NaN,NaN,NaN,NaN
139839,0.378976595875742,NaN,NaN,NaN,NaN,NaN,NaN,NaN
140319,0.166291700883898,NaN,NaN,NaN,NaN,NaN,NaN,NaN
140925,0.126340045732039,NaN,NaN,NaN,NaN,NaN,NaN,NaN
143224,0.388388842817598,NaN,NaN,NaN,NaN,NaN,NaN,NaN
144832,0.276273287148237,NaN,NaN,NaN,NaN,NaN,NaN,NaN
145127,0.501955967580131,NaN,NaN,NaN,NaN,NaN,NaN,NaN
145632,0.282261785984552,NaN,NaN,NaN,NaN,NaN,NaN,NaN
146129,0.25496426111716,NaN,NaN,NaN,NaN,NaN,NaN,NaN
146533,0.349711350618842,NaN,NaN,NaN,NaN,NaN,NaN,NaN
146836,0.357468362622765,NaN,NaN,NaN,NaN,NaN,NaN,NaN
146937,0.69517938729609,NaN,NaN,NaN,NaN,NaN,NaN,NaN
147636,0.27773025012367,NaN,NaN,NaN,NaN,NaN,NaN,NaN
147737,0.265495243729455,NaN,NaN,NaN,NaN,NaN,NaN,NaN
148133,0.344884869434163,NaN,NaN,NaN,NaN,NaN,NaN,NaN
148840,0.421962005372571,NaN,NaN,NaN,NaN,NaN,NaN,NaN
148941,0.322206708151308,NaN,NaN,NaN,NaN,NaN,NaN,NaN
149236,0.330318901457213,NaN,NaN,NaN,NaN,NaN,NaN,NaN
149741,0.231629534297065,NaN,NaN,NaN,NaN,NaN,NaN,NaN
149842,0.267664261122196,NaN,NaN,NaN,NaN,NaN,NaN,NaN
150726,0.18747678966119,NaN,NaN,NaN,NaN,NaN,NaN,NaN
150928,0.363551699978925,NaN,NaN,NaN,NaN,NaN,NaN,NaN
151223,0.130280055295631,NaN,NaN,NaN,NaN,NaN,NaN,NaN
151324,0.487443691941625,NaN,NaN,NaN,NaN,NaN,NaN,NaN
151425,0.388746674915303,NaN,NaN,NaN,NaN,NaN,NaN,NaN
151627,0.257815424979362,NaN,NaN,NaN,NaN,NaN,NaN,NaN
151728,0.0812050749760859,NaN,NaN,NaN,NaN,NaN,NaN,NaN
151930,0.476171440734528,NaN,NaN,NaN,NaN,NaN,NaN,NaN
152427,0.213684360629823,NaN,NaN,NaN,NaN,NaN,NaN,NaN
153126,0.439457691607436,NaN,NaN,NaN,NaN,NaN,NaN,NaN
153227,0.270573251290283,NaN,NaN,NaN,NaN,NaN,NaN,NaN
153833,0.165271040853497,NaN,NaN,NaN,NaN,NaN,NaN,NaN
153934,0.478648560340045,NaN,NaN,NaN,NaN,NaN,NaN,NaN
154229,0.482126217828902,NaN,NaN,NaN,NaN,NaN,NaN,NaN
154532,0.250816381819942,NaN,NaN,NaN,NaN,NaN,NaN,NaN
154734,0.46004325587222,NaN,NaN,NaN,NaN,NaN,NaN,NaN
154835,0.474657088357453,NaN,NaN,NaN,NaN,NaN,NaN,NaN
154936,0.262450371757203,NaN,NaN,NaN,NaN,NaN,NaN,NaN
156031,0.37552312746518,NaN,NaN,NaN,NaN,NaN,NaN,NaN
156233,0.163111574103722,NaN,NaN,NaN,NaN,NaN,NaN,NaN
156334,0.312258979696475,NaN,NaN,NaN,NaN,NaN,NaN,NaN
156435,0.372910752758611,NaN,NaN,NaN,NaN,NaN,NaN,NaN
156536,0.294721152194332,NaN,NaN,NaN,NaN,NaN,NaN,NaN
156637,0.208538447067415,NaN,NaN,NaN,NaN,NaN,NaN,NaN
157437,0.183329531061994,NaN,NaN,NaN,NaN,NaN,NaN,NaN
157942,0.418491245470924,NaN,NaN,NaN,NaN,NaN,NaN,NaN
158136,0.364294943438889,NaN,NaN,NaN,NaN,NaN,NaN,NaN
158843,0.530343641085785,NaN,NaN,NaN,NaN,NaN,NaN,NaN
159138,0.343296475792121,NaN,NaN,NaN,NaN,NaN,NaN,NaN
159239,0.498950440542682,NaN,NaN,NaN,NaN,NaN,NaN,NaN
159340,0.346812913010227,NaN,NaN,NaN,NaN,NaN,NaN,NaN
159441,0.206111073044672,NaN,NaN,NaN,NaN,NaN,NaN,NaN
159744,0.317818902274951,NaN,NaN,NaN,NaN,NaN,NaN,NaN
160729,0.235964902666364,NaN,NaN,NaN,NaN,NaN,NaN,NaN
160830,0.389031263535169,NaN,NaN,NaN,NaN,NaN,NaN,NaN
161630,0.265314243090931,NaN,NaN,NaN,NaN,NaN,NaN,NaN
162228,0.32311543000429,NaN,NaN,NaN,NaN,NaN,NaN,NaN
162733,0.38573000361912,NaN,NaN,NaN,NaN,NaN,NaN,NaN
163331,0.136390263429874,NaN,NaN,NaN,NaN,NaN,NaN,NaN
163432,0.38670442142057,NaN,NaN,NaN,NaN,NaN,NaN,NaN
164030,0.282611195225607,NaN,NaN,NaN,NaN,NaN,NaN,NaN
164131,0.230702285511578,NaN,NaN,NaN,NaN,NaN,NaN,NaN
164636,0.412837660987778,NaN,NaN,NaN,NaN,NaN,NaN,NaN
164939,0.266115739159893,NaN,NaN,NaN,NaN,NaN,NaN,NaN
167036,0.293038273736603,NaN,NaN,NaN,NaN,NaN,NaN,NaN
167238,0.259584670733296,NaN,NaN,NaN,NaN,NaN,NaN,NaN
167440,0.281077175346775,NaN,NaN,NaN,NaN,NaN,NaN,NaN
167743,0.25675850611548,NaN,NaN,NaN,NaN,NaN,NaN,NaN
168139,0.186041714261664,NaN,NaN,NaN,NaN,NaN,NaN,NaN
168341,0.462345405825068,NaN,NaN,NaN,NaN,NaN,NaN,NaN
168745,0.4720072693149,NaN,NaN,NaN,NaN,NaN,NaN,NaN
168947,0.350271362872947,NaN,NaN,NaN,NaN,NaN,NaN,NaN
169444,0.301861950940785,NaN,NaN,NaN,NaN,NaN,NaN,NaN
169545,0.54547901618383,NaN,NaN,NaN,NaN,NaN,NaN,NaN
169949,0.382387404888205,NaN,NaN,NaN,NaN,NaN,NaN,NaN
171532,0.213664390080966,NaN,NaN,NaN,NaN,NaN,NaN,NaN
172029,0.245737596502987,NaN,NaN,NaN,NaN,NaN,NaN,NaN
172332,0.435789946579717,NaN,NaN,NaN,NaN,NaN,NaN,NaN
172433,0.553486555743651,NaN,NaN,NaN,NaN,NaN,NaN,NaN
172534,0.204274643611195,NaN,NaN,NaN,NaN,NaN,NaN,NaN
172938,0.762277286732279,NaN,NaN,NaN,NaN,NaN,NaN,NaN
173435,0.312143236860084,NaN,NaN,NaN,NaN,NaN,NaN,NaN
173536,0.317995718454946,NaN,NaN,NaN,NaN,NaN,NaN,NaN
173637,0.274318092257385,NaN,NaN,NaN,NaN,NaN,NaN,NaN
173738,0.225259262678071,NaN,NaN,NaN,NaN,NaN,NaN,NaN
173940,0.429644832667489,NaN,NaN,NaN,NaN,NaN,NaN,NaN
174841,0.28483647613232,NaN,NaN,NaN,NaN,NaN,NaN,NaN
175338,0.249361467079298,NaN,NaN,NaN,NaN,NaN,NaN,NaN
175742,0.466949279822248,NaN,NaN,NaN,NaN,NaN,NaN,NaN
176542,0.348027267776789,NaN,NaN,NaN,NaN,NaN,NaN,NaN
177241,0.480374916650135,NaN,NaN,NaN,NaN,NaN,NaN,NaN
177645,0.402573643931881,NaN,NaN,NaN,NaN,NaN,NaN,NaN
178142,0.326193084163275,NaN,NaN,NaN,NaN,NaN,NaN,NaN
178849,0.263598666731988,NaN,NaN,NaN,NaN,NaN,NaN,NaN
178950,0.512809429924005,NaN,NaN,NaN,NaN,NaN,NaN,NaN
179245,0.353278893872876,NaN,NaN,NaN,NaN,NaN,NaN,NaN
180129,0.152915037852062,NaN,NaN,NaN,NaN,NaN,NaN,NaN
180230,0.413231663134487,NaN,NaN,NaN,NaN,NaN,NaN,NaN
180432,0.354402512607709,NaN,NaN,NaN,NaN,NaN,NaN,NaN
180533,0.330998611684114,NaN,NaN,NaN,NaN,NaN,NaN,NaN
180735,0.295226790105322,NaN,NaN,NaN,NaN,NaN,NaN,NaN
180836,0.244188048406011,NaN,NaN,NaN,NaN,NaN,NaN,NaN
181232,0.237951287815614,NaN,NaN,NaN,NaN,NaN,NaN,NaN
182739,0.330238875827813,NaN,NaN,NaN,NaN,NaN,NaN,NaN
185038,0.315466858386537,NaN,NaN,NaN,NaN,NaN,NaN,NaN
185341,0.367677584561771,NaN,NaN,NaN,NaN,NaN,NaN,NaN
185442,0.418679113072146,NaN,NaN,NaN,NaN,NaN,NaN,NaN
186040,0.398771632343577,NaN,NaN,NaN,NaN,NaN,NaN,NaN
186141,0.269392442782713,NaN,NaN,NaN,NaN,NaN,NaN,NaN
186444,0.29115900849175,NaN,NaN,NaN,NaN,NaN,NaN,NaN
187143,0.511400039547153,NaN,NaN,NaN,NaN,NaN,NaN,NaN
188145,0.491056580527062,NaN,NaN,NaN,NaN,NaN,NaN,NaN
189349,0.299582945281564,NaN,NaN,NaN,NaN,NaN,NaN,NaN
189450,0.183019261266816,NaN,NaN,NaN,NaN,NaN,NaN,NaN
190031,0.410898146702571,NaN,NaN,NaN,NaN,NaN,NaN,NaN
191033,0.416129334118228,NaN,NaN,NaN,NaN,NaN,NaN,NaN
192035,0.416505925638583,NaN,NaN,NaN,NaN,NaN,NaN,NaN
192136,0.568735298045372,NaN,NaN,NaN,NaN,NaN,NaN,NaN
192641,0.391183296836227,NaN,NaN,NaN,NaN,NaN,NaN,NaN
194746,0.283836807937746,NaN,NaN,NaN,NaN,NaN,NaN,NaN
195041,0.48265920178763,NaN,NaN,NaN,NaN,NaN,NaN,NaN
196144,0.385121876907559,NaN,NaN,NaN,NaN,NaN,NaN,NaN
196346,0.407054472995974,NaN,NaN,NaN,NaN,NaN,NaN,NaN
196750,0.160955723836889,NaN,NaN,NaN,NaN,NaN,NaN,NaN
197550,0.445949924103048,NaN,NaN,NaN,NaN,NaN,NaN,NaN
198249,0.258642120821129,NaN,NaN,NaN,NaN,NaN,NaN,NaN
198451,0.514831753844578,NaN,NaN,NaN,NaN,NaN,NaN,NaN
198855,0.396222271365023,NaN,NaN,NaN,NaN,NaN,NaN,NaN
199352,0.365207377229516,NaN,NaN,NaN,NaN,NaN,NaN,NaN
199655,0.599558034084253,NaN,NaN,NaN,NaN,NaN,NaN,NaN
199958,0.291071440799639,NaN,NaN,NaN,NaN,NaN,NaN,NaN
200513,0.285044163716146,NaN,NaN,NaN,NaN,NaN,NaN,NaN
200614,0.757301692827614,NaN,NaN,NaN,NaN,NaN,NaN,NaN
200917,0.340826327653522,NaN,NaN,NaN,NaN,NaN,NaN,NaN
201414,0.237880011779083,NaN,NaN,NaN,NaN,NaN,NaN,NaN
201818,0.416112610320441,NaN,NaN,NaN,NaN,NaN,NaN,NaN
202113,0.226441362869922,NaN,NaN,NaN,NaN,NaN,NaN,NaN
204016,0.294064154177296,NaN,NaN,NaN,NaN,NaN,NaN,NaN
204218,0.332389748889644,NaN,NaN,NaN,NaN,NaN,NaN,NaN
204420,0.258868268522462,NaN,NaN,NaN,NaN,NaN,NaN,NaN
205119,0.209696283688113,NaN,NaN,NaN,NaN,NaN,NaN,NaN
206323,0.216290775365449,NaN,NaN,NaN,NaN,NaN,NaN,NaN
206727,0.308751319893638,NaN,NaN,NaN,NaN,NaN,NaN,NaN
208125,0.319861562353917,NaN,NaN,NaN,NaN,NaN,NaN,NaN
208226,0.383597001688188,NaN,NaN,NaN,NaN,NaN,NaN,NaN
208327,0.402834096082258,NaN,NaN,NaN,NaN,NaN,NaN,NaN
209329,0.39349467159549,NaN,NaN,NaN,NaN,NaN,NaN,NaN
210011,0.345918811739922,NaN,NaN,NaN,NaN,NaN,NaN,NaN
210112,0.433982500435457,NaN,NaN,NaN,NaN,NaN,NaN,NaN
211114,0.167698674655837,NaN,NaN,NaN,NaN,NaN,NaN,NaN
212217,0.246655455123353,NaN,NaN,NaN,NaN,NaN,NaN,NaN
212318,0.389472883637006,NaN,NaN,NaN,NaN,NaN,NaN,NaN
213017,0.404073239039318,NaN,NaN,NaN,NaN,NaN,NaN,NaN
213421,0.308616154592518,NaN,NaN,NaN,NaN,NaN,NaN,NaN
213522,0.335632912558992,NaN,NaN,NaN,NaN,NaN,NaN,NaN
214221,0.429553523391661,NaN,NaN,NaN,NaN,NaN,NaN,NaN
214423,0.396733642051674,NaN,NaN,NaN,NaN,NaN,NaN,NaN
219231,0.32659179334974,NaN,NaN,NaN,NaN,NaN,NaN,NaN
220721,0.485233554974845,NaN,NaN,NaN,NaN,NaN,NaN,NaN
221319,0.307235757767215,NaN,NaN,NaN,NaN,NaN,NaN,NaN
227432,0.323555312170839,NaN,NaN,NaN,NaN,NaN,NaN,NaN
239944,0.457963926605612,NaN,NaN,NaN,NaN,NaN,NaN,NaN
257946,0.317663603500339,NaN,NaN,NaN,NaN,NaN,NaN,NaN
263436,0.206906865054151,NaN,NaN,NaN,NaN,NaN,NaN,NaN
268749,0.402451984482962,NaN,NaN,NaN,NaN,NaN,NaN,NaN
274542,0.270326159402318,NaN,NaN,NaN,NaN,NaN,NaN,NaN
275645,0.327788761978601,NaN,NaN,NaN,NaN,NaN,NaN,NaN
281135,0.316334504431549,NaN,NaN,NaN,NaN,NaN,NaN,NaN
285446,0.37375333704204,NaN,NaN,NaN,NaN,NaN,NaN,NaN
286347,0.450596986386779,NaN,NaN,NaN,NaN,NaN,NaN,NaN
286650,0.429101432676557,NaN,NaN,NaN,NaN,NaN,NaN,NaN
287248,0.492628187304595,NaN,NaN,NaN,NaN,NaN,NaN,NaN
295146,0.161291806115246,NaN,NaN,NaN,NaN,NaN,NaN,NaN
298051,0.290741950664902,NaN,NaN,NaN,NaN,NaN,NaN,NaN
299760,0.231907784683529,NaN,NaN,NaN,NaN,NaN,NaN,NaN
303119,0.280588608747515,NaN,NaN,NaN,NaN,NaN,NaN,NaN
308331,0.216316124063571,NaN,NaN,NaN,NaN,NaN,NaN,NaN
309636,0.440506804945301,NaN,NaN,NaN,NaN,NaN,NaN,NaN
310621,0.451595970354702,NaN,NaN,NaN,NaN,NaN,NaN,NaN
314225,0.333795380602808,NaN,NaN,NaN,NaN,NaN,NaN,NaN
316633,0.31665151150568,NaN,NaN,NaN,NaN,NaN,NaN,NaN
318637,0.272249130744436,NaN,NaN,NaN,NaN,NaN,NaN,NaN
321323,0.244528237634222,NaN,NaN,NaN,NaN,NaN,NaN,NaN
329844,0.398856040256883,NaN,NaN,NaN,NaN,NaN,NaN,NaN
348545,0.410650823777696,NaN,NaN,NaN,NaN,NaN,NaN,NaN
349244,0.379457533172847,NaN,NaN,NaN,NaN,NaN,NaN,NaN
350330,0.421697354426882,NaN,NaN,NaN,NaN,NaN,NaN,NaN
358144,0.387583765991648,NaN,NaN,NaN,NaN,NaN,NaN,NaN
361234,0.26713488983036,NaN,NaN,NaN,NaN,NaN,NaN,NaN
361941,0.259968725643562,NaN,NaN,NaN,NaN,NaN,NaN,NaN
368753,0.383248746604184,NaN,NaN,NaN,NaN,NaN,NaN,NaN
378756,0.619475261953077,NaN,NaN,NaN,NaN,NaN,NaN,NaN
381543,0.352670534642691,NaN,NaN,NaN,NaN,NaN,NaN,NaN
385046,0.297447119768815,NaN,NaN,NaN,NaN,NaN,NaN,NaN
387959,0.208836315378008,NaN,NaN,NaN,NaN,NaN,NaN,NaN
391748,0.390745280569244,NaN,NaN,NaN,NaN,NaN,NaN,NaN
395756,0.421060649570816,NaN,NaN,NaN,NaN,NaN,NaN,NaN
397760,0.700350547162452,NaN,NaN,NaN,NaN,NaN,NaN,NaN
414229,0.443301478137263,NaN,NaN,NaN,NaN,NaN,NaN,NaN
419239,0.190335613049555,NaN,NaN,NaN,NaN,NaN,NaN,NaN
422632,0.314960183931381,NaN,NaN,NaN,NaN,NaN,NaN,NaN
453542,0.0790563940660952,NaN,NaN,NaN,NaN,NaN,NaN,NaN
459453,0.425434528639899,NaN,NaN,NaN,NaN,NaN,NaN,NaN
461743,0.491580173460982,NaN,NaN,NaN,NaN,NaN,NaN,NaN
465852,0.154125059803777,NaN,NaN,NaN,NaN,NaN,NaN,NaN
468050,0.211007124736633,NaN,NaN,NaN,NaN,NaN,NaN,NaN
480141,0.335976776915198,NaN,NaN,NaN,NaN,NaN,NaN,NaN
499566,0.359438204558595,NaN,NaN,NaN,NaN,NaN,NaN,NaN
510225,0.27558684184353,NaN,NaN,NaN,NaN,NaN,NaN,NaN
516742,0.19346481703226,NaN,NaN,NaN,NaN,NaN,NaN,NaN
518746,0.458915532142252,NaN,NaN,NaN,NaN,NaN,NaN,NaN
529549,0.328922094693043,NaN,NaN,NaN,NaN,NaN,NaN,NaN
529953,0.273602779416937,NaN,NaN,NaN,NaN,NaN,NaN,NaN
552241,0.313878192430075,NaN,NaN,NaN,NaN,NaN,NaN,NaN
552544,0.303256921564467,NaN,NaN,NaN,NaN,NaN,NaN,NaN
553344,0.506983221172022,NaN,NaN,NaN,NaN,NaN,NaN,NaN
555651,0.381180336368915,NaN,NaN,NaN,NaN,NaN,NaN,NaN
555954,0.44528337817006,NaN,NaN,NaN,NaN,NaN,NaN,NaN
561444,0.308373667763508,NaN,NaN,NaN,NaN,NaN,NaN,NaN
561949,0.26719350907648,NaN,NaN,NaN,NaN,NaN,NaN,NaN
567759,0.279361551559505,NaN,NaN,NaN,NaN,NaN,NaN,NaN
571144,0.694246278388166,NaN,NaN,NaN,NaN,NaN,NaN,NaN
576255,0.404175415176822,NaN,NaN,NaN,NaN,NaN,NaN,NaN
579665,0.34169133643566,NaN,NaN,NaN,NaN,NaN,NaN,NaN
580751,0.325860636094217,NaN,NaN,NaN,NaN,NaN,NaN,NaN
589567,0.223737322084681,NaN,NaN,NaN,NaN,NaN,NaN,NaN
592455,0.287093956756326,NaN,NaN,NaN,NaN,NaN,NaN,NaN
599671,0.330607484760437,NaN,NaN,NaN,NaN,NaN,NaN,NaN
618952,0.247029054343563,NaN,NaN,NaN,NaN,NaN,NaN,NaN
622236,0.3017523752261,NaN,NaN,NaN,NaN,NaN,NaN,NaN
656253,0.273520165478528,NaN,NaN,NaN,NaN,NaN,NaN,NaN
672756,0.2251710697424,NaN,NaN,NaN,NaN,NaN,NaN,NaN
675661,0.605723355591584,NaN,NaN,NaN,NaN,NaN,NaN,NaN
679568,0.380961832527685,NaN,NaN,NaN,NaN,NaN,NaN,NaN
680250,0.31427587685573,NaN,NaN,NaN,NaN,NaN,NaN,NaN
680452,0.28587032208298,NaN,NaN,NaN,NaN,NaN,NaN,NaN
692964,0.569633377293824,NaN,NaN,NaN,NaN,NaN,NaN,NaN
725751,0.346496690794659,NaN,NaN,NaN,NaN,NaN,NaN,NaN
727553,0.279542764426335,NaN,NaN,NaN,NaN,NaN,NaN,NaN
749361,0.328029650870198,NaN,NaN,NaN,NaN,NaN,NaN,NaN
756055,0.199716247617155,NaN,NaN,NaN,NaN,NaN,NaN,NaN
757764,0.375154354689701,NaN,NaN,NaN,NaN,NaN,NaN,NaN
835657,0.247767523443721,NaN,NaN,NaN,NaN,NaN,NaN,NaN
837560,0.618400289200891,NaN,NaN,NaN,NaN,NaN,NaN,NaN
865363,0.320803897986406,NaN,NaN,NaN,NaN,NaN,NaN,NaN
877269,0.271953002676916,NaN,NaN,NaN,NaN,NaN,NaN,NaN
894067,0.351812068202707,NaN,NaN,NaN,NaN,NaN,NaN,NaN
943862,0.508247393373699,NaN,NaN,NaN,NaN,NaN,NaN,NaN
947668,0.201976815166466,NaN,NaN,NaN,NaN,NaN,NaN,NaN
955465,0.382589239251462,NaN,NaN,NaN,NaN,NaN,NaN,NaN
