Subject,none,all,peak_dense_80,matched_random_80,peak_dense_90,matched_random_90,peak_dense_95,matched_random_95
100206,0.399925302514618,-0.00401081472229549,0.338916413156104,0.344523597014359,0.339004585873452,0.345038107290046,0.372253162522446,0.36707638748168
100307,0.439626010659277,-0.00410572651890343,0.33025058474064,0.35294080115491,0.350800973826816,0.36397903601766,0.413296557562235,0.402316138547781
100408,0.417866477122944,-0.00422647051580166,0.310364910823592,0.33158624796958,0.349022172565028,0.348039114441027,0.393511039869644,0.38398735763882
100610,0.403971585864304,-0.00433987788247089,0.363377813268307,0.359822429080718,0.363688352699715,0.36006915783782,0.37507335739059,0.371614464679148
101006,0.52940198023858,-0.00378540309201986,0.432857114975967,0.443970738235345,0.433165954920186,0.444243490483075,0.491713673194985,0.484891582937948
101107,0.417489986444366,-0.00373764480865206,0.342682364731038,0.360759778323822,0.342716308996962,0.360866615371005,0.383462201058847,0.383746056853104
101309,0.49370222282514,-0.00339211857130408,0.397444020498896,0.418553085470714,0.397311782587546,0.418339597275169,0.459707658563234,0.453996787934244
101915,0.452549248505097,-0.00449399972574422,0.351941155045902,0.379783808099193,0.351238723048717,0.380149020859813,0.428862016108172,0.415067131317087
102008,0.370809621077393,-0.0047594132665687,0.355178671750415,0.355300678505731,0.355202771481813,0.355419616729867,0.355178671750415,0.355300678505731
102109,0.407764666522131,-0.00509094220817176,0.339182569486294,0.349981188846603,0.338845009073893,0.350453008105988,0.377986720955442,0.377129227432443
102311,0.464513087670465,-0.00330564303092751,0.364509961029639,0.391643309901285,0.364380296510301,0.391817302026635,0.427434463572537,0.427983688259729
102513,0.505885824343015,-0.00449367508198358,0.339637789255151,0.391237008530494,0.407994841069425,0.42081004017551,0.471659356711899,0.463994111611571
102614,0.448876920634183,-0.00376909894738222,0.373665929358222,0.384844901926792,0.374102196163827,0.385108325392638,0.417802659590345,0.411542173680657
102816,0.342995795864341,-0.00498627705853818,0.307765076987937,0.315115273382541,0.308213065526998,0.314983957769655,0.312225510653145,0.317851760542195
103111,0.667247616063614,-0.00293390757987814,0.41162775751896,0.463149620335835,0.55418793658076,0.546431353095839,0.619429137299902,0.605642702701311
103212,0.444506704767141,-0.00435426124385109,0.368763151965199,0.386613993188572,0.36855818226822,0.386552858239526,0.406394803015357,0.407377492441382
103515,0.468986601076374,-0.00384283288127067,0.392101339663811,0.4233557899191,0.391844047910088,0.423299126869392,0.412919990501388,0.429241703761254
103818,0.36715294650011,-0.00488504759711945,0.336343662933257,0.343988454320391,0.336232145865705,0.344008683155547,0.336343662933257,0.343988454320391
104012,0.381487945537638,-0.00411446515581399,0.369913477390877,0.365156738650603,0.369828099361471,0.36490354152347,0.369913477390877,0.365156738650603
104416,0.524082729176214,-0.00401240130462295,0.425410249260436,0.448356682507242,0.425213398995675,0.448320493517016,0.482117049765635,0.478151786588593
105014,0.442775794438278,-0.00431649411136716,0.366025643990439,0.366195539268955,0.374620756209613,0.370630687746904,0.421124812300923,0.410032191093402
105115,0.399840611708403,-0.00445382194994996,0.355041288600979,0.357842620141178,0.355026331706337,0.357645543358259,0.366844455737158,0.367179998763136
105216,0.420451819135786,-0.0046284940296699,0.380742719934171,0.385932781398822,0.380580333869724,0.385797181834747,0.384243051862011,0.387123516883771
105620,0.355652913742201,-0.00512708396610163,0.309036068371203,0.327854246338234,0.309124747455615,0.327382365792184,0.309036068371203,0.327854246338234
105923,0.474842693794904,-0.00412890018454543,0.391307310953602,0.401899673577344,0.39114387150196,0.401393070728122,0.437914451758564,0.434645572241979
106016,0.401087127831429,-0.00466809390756728,0.351163014541617,0.358612755945855,0.351294915356029,0.358883910713006,0.373327548373866,0.37071686890814
106521,0.426620079051703,-0.00431708339357592,0.348287187033819,0.369315948520321,0.34813613241738,0.3696654725634,0.395355185172992,0.393965109328452
106824,0.570777070208415,-0.00319127016264909,0.455614971212687,0.481350162768704,0.45491073404816,0.48131098075947,0.532818597725983,0.520631377644585
107018,0.380751425892433,-0.00416212651974126,0.368709066541106,0.365330611405336,0.368748987711198,0.365199364370794,0.368709066541106,0.365330611405336
107321,0.563182643171172,-0.00302412128145268,0.417174191729975,0.451919073125356,0.451266595018243,0.464108089652606,0.522302110529945,0.512539048454399
107422,0.457444127052705,-0.00437806744617401,0.386135438254136,0.407769652384801,0.386218110331399,0.407963490403147,0.415320588351075,0.420168015775573
107725,0.454550283599225,-0.00445793680016911,0.375629918272675,0.398100480824585,0.375126101984047,0.397823878554992,0.429391162201966,0.421470895413432
108020,0.470723314383731,-0.00348119453024781,0.349124541674218,0.390454395085082,0.349435839863533,0.390467753924686,0.434640377201925,0.429867830602293
108121,0.32769400812979,-0.00496005179483441,0.313273212204247,0.320947359145125,0.313571248344512,0.320883521561833,0.313273212204247,0.320947359145125
108323,0.367572216691367,-0.00502272085482779,0.33643258833407,0.34067815298012,0.336411398715051,0.340952361308211,0.33643258833407,0.34067815298012
108525,0.395555894074788,-0.00418648358512169,0.354180101889928,0.374774972229586,0.353525200418348,0.375160444162789,0.354180101889928,0.374774972229586
108828,0.443518155714504,-0.00411226248000749,0.388145202918353,0.398676261086998,0.388222153173075,0.398799038143317,0.405819412933115,0.407787773023168
109123,0.429787574267411,-0.00440394763647628,0.330685944100029,0.353356260802822,0.347983756617986,0.360569702037263,0.399185304040069,0.394838934968429
109325,0.369347652879566,-0.00485978326453536,0.340123775988657,0.348755549553338,0.340072956902779,0.348900555340122,0.340123775988657,0.348755549553338
109830,0.524540470614359,-0.00386552350601923,0.363525715769459,0.403825766197551,0.435442584583371,0.436982910542059,0.492600194323795,0.481178464324356
110007,0.553207694256392,-0.00379039806698086,0.430488403974882,0.463171139874959,0.430311256897809,0.463174893688221,0.504697176399859,0.505042651510875
110411,0.401783509934673,-0.00386793358344846,0.354991792865323,0.361379736105664,0.354929386703907,0.361452399331387,0.366859669468802,0.36974962432533
110613,0.343106868028471,-0.00564376637784495,0.331392614472958,0.326715714108763,0.331397221684026,0.326357116659687,0.331392614472958,0.326715714108763
111009,0.473057644195271,-0.00379684493117189,0.401015549880329,0.421513257008007,0.400976034105588,0.421246280178813,0.430756884062307,0.435097470290814
111211,0.410797699798305,-0.0044537160847111,0.329153455296694,0.339743235682352,0.347091093414781,0.349650582228517,0.382815059110879,0.379511335462673
111312,0.353641283279011,-0.005024824962692,0.288595495551561,0.315968554546198,0.288605154267504,0.315730267309818,0.315785459266197,0.327801417639724
111413,0.414375096410941,-0.00476476290965777,0.383785031205214,0.392950272999164,0.383716953120256,0.392987840899874,0.383785031205214,0.392950272999164
111716,0.431841449888318,-0.00416788346017229,0.354091280907172,0.384153047630957,0.354115415506421,0.384113311903429,0.391528528871209,0.399269812191917
112112,0.449971117328882,-0.0041929364867,0.380196112304798,0.392902875512079,0.380305327328908,0.392348468766134,0.408531084812448,0.413818031645046
112314,0.322627841633794,-0.00475405232372828,0.316421370443256,0.313692424539514,0.316663966338268,0.313832022548866,0.316421370443256,0.313692424539514
112516,0.554526866683558,-0.00343260385818788,0.462328979496715,0.481242324955884,0.462419846956327,0.481679560257189,0.511708131428173,0.505878470590838
112920,0.433272974871385,-0.00394513140218884,0.387897366216979,0.387589934891129,0.388066311358716,0.387767561789754,0.403690530886687,0.397004653771785
113215,0.365825133769321,-0.00460520692627818,0.31152301067182,0.319790596224732,0.311340322131392,0.319240907015458,0.33591946957491,0.337018195332936
113316,0.444791983764143,-0.00439633096159455,0.348428332170577,0.384230281642182,0.348827309637319,0.383989986465034,0.399915731178173,0.408099517162967
113922,0.459202920599498,-0.00376205537650408,0.389321137978844,0.401974255557484,0.389334684355851,0.401779501066713,0.431353602982386,0.422004346736887
114217,0.519932845238205,-0.00340056199323769,0.421826543081535,0.429113667817157,0.421950128957526,0.428951234512045,0.482372099256106,0.474309492831765
114318,0.315417180142761,-0.00497610432930361,0.299058531502292,0.306425071105658,0.299224667816533,0.30647171478436,0.299058531502292,0.306425071105658
114419,0.361995031387473,-0.00470901151428736,0.298594448850992,0.303380215892742,0.302182588004159,0.305483666581403,0.338786327184016,0.333833908823927
114621,0.481514480983775,-0.00461330508034838,0.355559444921843,0.397722278220657,0.364505801854762,0.402588804655535,0.439221524279642,0.441645303235443
114823,0.394026950283509,-0.00426884317312236,0.304122816627897,0.322189225210332,0.317092465798667,0.328111552004719,0.36098702186271,0.360293190671834
114924,0.35611018212696,-0.00551814197027559,0.301132592909932,0.316805264253765,0.300004306432716,0.316163035735948,0.339898262385048,0.332453647529594
115017,0.426102592297901,-0.00407053366516024,0.396608107488844,0.404072851626589,0.396606747300556,0.403840489829716,0.396608107488844,0.404072851626589
115219,0.360999279839454,-0.00508083153942154,0.305183535433441,0.315644345686623,0.305291492282744,0.315354887361866,0.339691861017688,0.33771643468229
115320,0.408556634256474,-0.00450516618721104,0.357157608297617,0.370231697783655,0.357113489682966,0.370093548455735,0.370824337202883,0.377173799461715
115825,0.410800351299603,-0.00537036296596032,0.346346174432986,0.362877002072471,0.346430604765764,0.362612961359223,0.383116909826571,0.379855072761983
116524,0.389870733276471,-0.00396740119807118,0.258775261617066,0.281995633227595,0.327153528589475,0.326107092053599,0.365780875667291,0.358393039602282
116726,0.343425519604971,-0.00510383315353309,0.298508550418544,0.300875842704975,0.298342770512588,0.300886686975238,0.329620296456315,0.320064653972172
117021,0.360828709994192,-0.00487157180135669,0.315762826180862,0.326810155728457,0.315871916121865,0.326882894432147,0.325034794957311,0.330581037394416
117122,0.409135287229555,-0.00459838691633052,0.328753558886397,0.34951983183711,0.328639838923605,0.349173873565792,0.386805854047417,0.378466357845778
117324,0.479655095789745,-0.00387432445760988,0.35106951586363,0.364855828008011,0.407294368023938,0.401771609401538,0.451796090925914,0.443536606006438
117930,0.416123046493715,-0.00481002414074717,0.355501498323372,0.372998719585864,0.355653318537198,0.372794166781355,0.380732783116295,0.385410274419259
118528,0.503529166457343,-0.00358230772989947,0.415934057221972,0.433190464931592,0.415654071833545,0.433183966762132,0.46013799478277,0.460378904156762
118730,0.469352859246211,-0.00391401052678603,0.367714828864055,0.385943626101522,0.375430191541116,0.388870377734371,0.429644300062158,0.429076814798063
118831,0.31571529847878,-0.00535214083023245,0.300264950389045,0.306133335890379,0.30025439385884,0.306215234982429,0.300264950389045,0.306133335890379
118932,0.433941921897727,-0.00413042987689213,0.355829392762498,0.38539030606779,0.355599399654982,0.385502774561233,0.39117278067328,0.397123965155821
119025,0.440095649085306,-0.00406424772338175,0.359187418618294,0.378072227250374,0.359281607585119,0.37812035890501,0.407634703106049,0.404691768256789
119126,0.418761895892936,-0.00465007912518914,0.346899420381209,0.376585009045117,0.346920793452941,0.376623543715352,0.361518281887903,0.383052097589437
120212,0.439379062179041,-0.00457649348764795,0.363365084445653,0.384645797447231,0.363144920562639,0.384658202255207,0.394991371989591,0.401113257324636
120414,0.427247565308189,-0.00376849570514348,0.391391898154696,0.393178767576891,0.391569641661519,0.393260805471708,0.40069717883908,0.396452370659595
120515,0.519521817113981,-0.00430625335907924,0.39044134829004,0.429730423867208,0.394359065457681,0.430937680270585,0.470673966998632,0.474837369006474
120717,0.321093680330638,-0.00511567994599244,0.268912952410371,0.287017642077726,0.269031730626276,0.287098344676021,0.287687203927358,0.297039649121632
121416,0.436699698088816,-0.00494825314225464,0.316278180981319,0.335383882914749,0.358346641702632,0.362058286216243,0.410939887699583,0.400480081567542
121618,0.391582475754589,-0.00452243480762312,0.310571026005388,0.327041550282185,0.311702390545248,0.328003161765811,0.355271102104108,0.360197715670094
121921,0.404296738362433,-0.00385602170129535,0.334627700150736,0.340122735812337,0.334480885602947,0.339996708330347,0.376109840183551,0.370879863519017
122317,0.410884245146263,-0.00482393333922306,0.336567911631719,0.35695388664474,0.335982438830254,0.356547836674633,0.372736201099564,0.379830131380246
122620,0.373204407894535,-0.00489785050957089,0.344190453595576,0.337112671772889,0.34418787441052,0.337237414974413,0.350605823200459,0.345599811050578
122822,0.430160536216914,-0.0045909480922428,0.360619829258192,0.392145541941767,0.360150484580897,0.392511053345588,0.369179520130094,0.396508703098591
123117,0.414432199282953,-0.0047818708280372,0.325590553130849,0.347005621931429,0.35025271190483,0.355943055855082,0.392213652598695,0.386212595261159
123420,0.381158021064896,-0.00415760906966739,0.309441540096381,0.337234584525883,0.309858163337689,0.337174763205629,0.34715093201929,0.354343605992316
123521,0.396860357724945,-0.00432532848276309,0.374186454537601,0.374461354254646,0.374033188414462,0.374518342482202,0.374186454537601,0.374461354254646
123723,0.436978613994009,-0.00467075413566675,0.366302116701296,0.386592388704596,0.366239923549406,0.38601339141478,0.409414419963829,0.403635176868774
123824,0.311921600049526,-0.00634040851189264,0.275714213075346,0.287590043873384,0.275486446055366,0.28754730469327,0.293992604125347,0.294444759345194
123925,0.407740766171955,-0.00425973633502142,0.357869639812598,0.363632863633491,0.358419560109164,0.363518737451336,0.376857452212087,0.377421068999269
124220,0.261598689041048,-0.00772140774942798,0.230975253435344,0.250290337013779,0.230520013628252,0.25065132096403,0.240988375030948,0.254015223596193
125222,0.358251807763963,-0.00510763449325278,0.339095456408096,0.347594082255697,0.339233809036148,0.347639861017564,0.339095456408096,0.347594082255697
125525,0.392274624693745,-0.00409438240715533,0.322520329411089,0.341722022277607,0.322736602518299,0.341800465237099,0.353796991843835,0.359935022453899
126325,0.524654612268721,-0.00393620040863438,0.358617821545702,0.403196218542923,0.432235763219963,0.436147386383419,0.488109916366877,0.480211121898069
126426,0.49887688023401,-0.00469503360664883,0.333190464893935,0.358655293180194,0.424137410390108,0.416470949197278,0.467943360610558,0.4581382290513
126628,0.420502027603168,-0.00454180196971196,0.3643010783091,0.381204405359119,0.364293473855437,0.380981249124895,0.389688707838204,0.389920405077983
127327,0.361003764767638,-0.00563994244531705,0.312232704006815,0.33897205960494,0.312200857459395,0.338868888170249,0.312232704006815,0.33897205960494
127630,0.4031523026359,-0.00469864153982681,0.305873046425954,0.338366124812321,0.306056884625334,0.337882325215759,0.366475639915521,0.369773636971435
127832,0.39571751753098,-0.00485490747772433,0.350093088453631,0.353720830448106,0.349874489741694,0.353510598738779,0.366410456597815,0.365525983131789
127933,0.520357004216521,-0.00371603632623267,0.384147470442274,0.42362790878464,0.406074170812793,0.432596661028822,0.480728727693476,0.476147964719309
128026,0.308715800645576,-0.00522953968748766,0.282267297677394,0.297324397563833,0.282294012617159,0.297398002206194,0.282267297677394,0.297324397563833
128127,0.404246816913689,-0.00468801532750391,0.394289408713913,0.397590873271834,0.394232651182514,0.397874226891503,0.394289408713913,0.397590873271834
128632,0.42658928572562,-0.00357747861744668,0.354331935152076,0.381335813988448,0.354478407189071,0.381425876708718,0.376889332753341,0.390932162830457
128935,0.418389738710345,-0.00425747788985697,0.316351907337776,0.337364503158143,0.348119448251365,0.354190846120673,0.391815730173361,0.388016757458081
129028,0.501543249922503,-0.00417910721142749,0.389274113732908,0.416473766962854,0.38934105399093,0.416139564296596,0.462599861229776,0.45901235935921
129331,0.352990396195091,-0.00427041025144798,0.334309196854455,0.337965596232059,0.334424713236099,0.338112211183,0.334309196854455,0.337965596232059
129634,0.363565640754057,-0.00514730583533815,0.287554294966818,0.320332878218562,0.287478634216786,0.320258174823846,0.321492064062056,0.33601971713468
130114,0.459685897718944,-0.00445637365911469,0.362737500950157,0.377492041177117,0.382164575247129,0.388439600905296,0.430244430505492,0.423891104712082
130316,0.347314412184046,-0.00581770662719109,0.299230829887432,0.319237547188414,0.29929306803079,0.31896675870171,0.312007514982164,0.323166601692256
130417,0.3504096825109,-0.00478859032013912,0.289562580086437,0.29873563900867,0.28974232218823,0.29908094402891,0.332130112224273,0.323796475458798
130518,0.327244528679888,-0.00560457826029016,0.299001426837501,0.315098128799484,0.299381984021957,0.31534546718111,0.299001426837501,0.315098128799484
130619,0.376474856159518,-0.00447954962156234,0.362545407161417,0.361657338196468,0.362663667974848,0.361594448222803,0.362545407161417,0.361657338196468
130720,0.398887334352456,-0.00525142988175002,0.301714956886731,0.336141044544,0.301392278235432,0.336437958838575,0.362889584955852,0.367192563838804
131217,0.442847490599847,-0.00352010352258277,0.355508392491915,0.377357022914573,0.355897381436637,0.377669029442663,0.405514087967339,0.407265622902897
131419,0.534400915088787,-0.00342024153687693,0.441121628984998,0.468029388165626,0.441039998995571,0.467539478463322,0.492574190255034,0.489771753671989
131722,0.411390794984812,-0.00469284649047096,0.351698972063203,0.368886110565116,0.351589697642751,0.369598456167947,0.376005781605127,0.380601014927552
131823,0.382922330761659,-0.00421633943340944,0.368999080441393,0.369901793746839,0.369097958032549,0.370108940813765,0.368999080441393,0.369901793746839
132017,0.401805701140901,-0.00493659600079854,0.355819277322251,0.37159612859858,0.356121821089827,0.371579413620338,0.362318324343412,0.372587969692357
133019,0.386027733635467,-0.00479079336324753,0.326902521178881,0.341199278842005,0.326719831308426,0.341178413201958,0.352776294461928,0.354844595029898
133827,0.422345459772535,-0.00393282030936135,0.369731594899156,0.370932017764413,0.369640762797762,0.370880178177262,0.400877303527851,0.390412278974686
133928,0.485148721172413,-0.00389781323614102,0.367443052732488,0.412834680788441,0.366406303773336,0.413362211574421,0.439476064769336,0.445463583407931
134021,0.409434998434322,-0.00447545944075709,0.358342174427721,0.364416509618886,0.358414352213576,0.364236871911136,0.377713934346477,0.376401476947281
134223,0.502475595203088,-0.00421282008753189,0.454156187960671,0.478801350290817,0.453796312059799,0.47855626706549,0.454156187960671,0.478801350290817
134324,0.397636162848172,-0.00538889265361848,0.350091602884615,0.366310194788828,0.35006056980968,0.366025553715353,0.36034709645336,0.368876863266868
134829,0.380091990628198,-0.00549097028284998,0.357939769976318,0.363409392497533,0.357939480593714,0.36340710026947,0.357939769976318,0.363409392497533
135124,0.468855283872646,-0.0040506815137841,0.391225392059698,0.417366478269157,0.391164205788798,0.417102133945658,0.427236420943658,0.432616568469777
135225,0.390737040852037,-0.00505357030954892,0.369287228720075,0.380023453047308,0.369407642988187,0.380230823809049,0.369287228720075,0.380023453047308
135528,0.339997323250911,-0.00564216490752139,0.255704928865663,0.287633408155198,0.25552388143451,0.287618316017999,0.300646858751634,0.310853568803491
135629,0.362196222539476,-0.00532376056173881,0.328899869125484,0.335168384545623,0.328934567278273,0.334988367482952,0.333405166638741,0.336296721326697
136227,0.452950604053642,-0.00451219427231905,0.367260558253921,0.398840400472652,0.367031684933741,0.398129775391944,0.408901182405226,0.415239952040903
136631,0.352116843922296,-0.0055759740365815,0.326795722364097,0.329870147335988,0.326858621667258,0.329771680083743,0.326795722364097,0.329870147335988
136833,0.386768449349994,-0.00483005928266845,0.317453145428724,0.337745734745196,0.317807993640711,0.337875418308552,0.350117433803612,0.355177053134957
137027,0.405110669154244,-0.00458099617415925,0.31864811699925,0.338956561495262,0.319125097545408,0.338860115293328,0.376001140848389,0.371609552625311
137229,0.415830171425271,-0.0042537133245172,0.365448666700408,0.374222573285345,0.365090734495562,0.374437366219973,0.379103222076388,0.380232582336203
137532,0.535693234090907,-0.00313927618546045,0.451510193938596,0.474545655352689,0.451807435053498,0.4745964753624,0.486118972940472,0.489584647110174
138130,0.47626236320168,-0.00397066247431522,0.412358819361115,0.415049042004101,0.412364189614972,0.415537953783586,0.440012984293428,0.436907843179658
138332,0.420736688268744,-0.00464617862074203,0.332073525115056,0.369719168091991,0.331267224615694,0.369477290655053,0.379165565676729,0.387410428833352
138534,0.42747364158307,-0.00458320444581257,0.373615126680538,0.381222373713598,0.373664702195427,0.381134257328218,0.390390244292459,0.392173193082135
138837,0.409407933825293,-0.00423007007144984,0.360430917102611,0.374930821849675,0.360392237159801,0.374972377297168,0.360430917102611,0.374930821849675
139233,0.410938548830486,-0.00411007169575419,0.345268154904648,0.366080967671004,0.345072065376563,0.366233358347126,0.373682276462527,0.377396730863462
139435,0.385324752332698,-0.00532806013184665,0.333631944133321,0.345235610689961,0.334173806299937,0.34530230868959,0.357291979900574,0.357601647113805
139637,0.460145995438617,-0.00412239515521294,0.374508231406075,0.388759883876576,0.37474903320416,0.388990496505933,0.431708104418813,0.421518874814977
139839,0.445416506583715,-0.00391002978126706,0.378197709608282,0.405482899561257,0.37827075206403,0.405657199339241,0.391910579670418,0.408415966312757
140319,0.329414500337071,-0.00491245472350625,0.293744185990082,0.305905499261547,0.293991304979253,0.305667178521615,0.293744185990082,0.305905499261547
140925,0.317756536478206,-0.0056063945962584,0.296254060030041,0.311817758730727,0.296106859992455,0.311974911414669,0.296254060030041,0.311817758730727
143224,0.466485557932001,-0.00379552337854683,0.418050836166447,0.423358529469678,0.417927787377982,0.423553471779746,0.434102883982888,0.431757180644964
144832,0.483249928043184,-0.00413817273192703,0.370981300768309,0.387868908271989,0.40396314826691,0.403972346574505,0.452285231554111,0.443356539246743
145127,0.52629652140003,-0.00377558538063775,0.442914773782928,0.465828059217333,0.442723244890283,0.465983016171362,0.479160799333803,0.482527816674083
145632,0.476027947089698,-0.00313801680511689,0.406814393900014,0.424458322145145,0.406955852195572,0.424243682318736,0.43952087136879,0.436729117624682
146129,0.377585182325589,-0.0051151708391881,0.330161272217757,0.342122937761237,0.330103691284666,0.341950501473465,0.341002421393221,0.348305882216176
146533,0.435864087257224,-0.00459665102188497,0.344629339008313,0.367061465058276,0.344151204820932,0.36698440061411,0.404182465968671,0.400405685020246
146836,0.468427086942031,-0.00288059471235563,0.404868633613018,0.412183491219624,0.404887004358071,0.412210113338221,0.425078672134111,0.427476384759765
146937,0.668247502357557,-0.00259772721786886,0.461621517663245,0.501555669635014,0.531790760229593,0.547223503552853,0.61983163235575,0.609536954218857
147636,0.385472608258909,-0.00460696843867299,0.334674323895944,0.343169263382893,0.334753372296645,0.343407136325939,0.365023485777689,0.356660049672705
147737,0.410236594599863,-0.00440227886272936,0.345394436956104,0.363365469725754,0.345450876803384,0.363083074221767,0.379634174141295,0.378887061645786
148133,0.444928662997015,-0.00439026191986189,0.324466045087367,0.354183936555304,0.36150574757632,0.371572056651199,0.412723579504366,0.407950817897604
148840,0.45354912070816,-0.0040077668861694,0.383471458633795,0.390642180005206,0.383330646867527,0.390554036505639,0.420842155549282,0.414602997452064
148941,0.439900603554649,-0.00386756594670273,0.370763826224695,0.389150918870907,0.37097977236593,0.388627650227664,0.40128362025874,0.40544578978546
149236,0.368215301413405,-0.00495694421361303,0.298304857135613,0.314366635772986,0.298663977385289,0.31420990292482,0.337412659103593,0.336646989063057
149741,0.311077797528101,-0.00540299585924297,0.271932724283111,0.282289215722779,0.271550264998483,0.282450951663926,0.293390328557009,0.291018087033381
149842,0.461385257399844,-0.004062276218098,0.389449386519727,0.4258508642107,0.389302484470151,0.425615937657059,0.389449386519727,0.4258508642107
150726,0.381255384221818,-0.00448938687115591,0.346825018492774,0.346003434138421,0.346684652820388,0.345715113015486,0.352884251282638,0.351615848047289
150928,0.385058292642654,-0.00480245735529207,0.314329322800976,0.336524813810769,0.314373658757109,0.336785824069881,0.357456174644757,0.356155885315353
151223,0.389629809103086,-0.00425983896592104,0.377488396831405,0.37859653622977,0.377350490411628,0.378649992069282,0.377488396831405,0.37859653622977
151324,0.440066662719009,-0.00466812185206293,0.324959281048066,0.356984844562141,0.35954254958051,0.372355736296669,0.411989062289136,0.406328240385432
151425,0.493721348077743,-0.00400272255522371,0.442975276760177,0.454197668712937,0.44276982088685,0.454254628916752,0.442975276760177,0.454197668712937
151627,0.46414922791445,-0.00346066222914445,0.394494460312283,0.417121478098643,0.394498336137421,0.416653601661691,0.407351855638691,0.425441465918357
151728,0.266916898992795,-0.00644815330221197,0.24903014637988,0.258917645193561,0.249084300696165,0.258986200496444,0.24903014637988,0.258917645193561
151930,0.446220002476865,-0.00386919672522696,0.37969168688888,0.40050107847848,0.379559489097122,0.400612764148544,0.397996922221605,0.410392986142944
152427,0.315199605141045,-0.00460128063384116,0.310046076994827,0.309303114963477,0.309956887758446,0.309273700542744,0.310046076994827,0.309303114963477
153126,0.423436299005655,-0.00456945878969,0.333843431639562,0.35366608602868,0.336464845060076,0.356245497276183,0.392078827093625,0.389583350485179
153227,0.440829066364719,-0.00497012559132711,0.383715216797874,0.401495265966162,0.384085492304047,0.401474171552029,0.402330259716134,0.409063377679142
153833,0.263626522953,-0.00632586900573758,0.255709532244673,0.259674424351882,0.256027482627803,0.259585616873344,0.255709532244673,0.259674424351882
153934,0.504739965020484,-0.00398490009765374,0.372377680494611,0.390947667777642,0.409056903506987,0.418599565746032,0.468680472212986,0.461113304908261
154229,0.453415806908295,-0.00435794409851133,0.314442190926167,0.354528185990657,0.357957714486618,0.374488113786846,0.419810870741307,0.413312334178213
154532,0.391083147278811,-0.00452707234788079,0.368775813535185,0.373942679256979,0.368784245654859,0.373920027097324,0.368775813535185,0.373942679256979
154734,0.498548123635334,-0.00434171987959908,0.375323617529902,0.401588688697867,0.399823665034093,0.413217588602939,0.468728582224874,0.455686325266237
154835,0.396505887644435,-0.00465177037410186,0.347338334052299,0.354590912746941,0.347417114659932,0.354741386077939,0.368235696507092,0.365377367466273
154936,0.41672519220437,-0.00484861819264042,0.325531303831629,0.357238338058984,0.325332659289056,0.35725634774918,0.383029277198624,0.383385054596112
156031,0.513136306086613,-0.00351944762478237,0.386995444991934,0.41687373961725,0.416277727358878,0.426986789725262,0.474773261877254,0.469799438563436
156233,0.334734738839928,-0.00680366834774493,0.279628057215488,0.303633787507907,0.279838765787183,0.304117731799694,0.30824742147871,0.315851494951752
156334,0.535422183713204,-0.0032200559298444,0.447090057161224,0.451807185840683,0.446905977247553,0.451778660937086,0.497616138010881,0.488294386762725
156435,0.450199919906586,-0.0034675718129221,0.353116125246859,0.378751143805142,0.353520653658119,0.378532510306624,0.414834971816048,0.412671289852458
156536,0.331338520611257,-0.00520338907121779,0.301498988763677,0.315351263641735,0.301717679115009,0.315279350690654,0.301498988763677,0.315351263641735
156637,0.321869813831733,-0.00541307066639639,0.255438759181419,0.2850710382203,0.255799748264884,0.284520897897473,0.300436258354715,0.298712039175345
157437,0.300177059755485,-0.00501314644663041,0.253350805099968,0.267966226135532,0.253810295845713,0.268157761443208,0.273011250741117,0.278790746422173
157942,0.425211128434567,-0.00440970006890399,0.357246544558134,0.38301565358811,0.357443247515394,0.383053584119111,0.370974037749905,0.388867433893293
158136,0.471666875914137,-0.00373308991449667,0.388648905783588,0.403286621118049,0.388520049759974,0.403657435357386,0.446360951720866,0.433809132301566
158843,0.413889042059306,-0.00496321779912632,0.351198028497866,0.366239360594657,0.351165775411894,0.366367478620364,0.378033277052609,0.383332079306518
159138,0.377475791918677,-0.00510148534819474,0.314331774831072,0.333304331530321,0.31428630326411,0.333620456891376,0.35488042635747,0.350629336944869
159239,0.534543158518065,-0.00373538666955035,0.407226429053703,0.42932427260614,0.429222440570873,0.439183295394793,0.495445039486618,0.486308402329541
159340,0.471915030537556,-0.00415127001167353,0.394171861660051,0.401861644090941,0.394477418047589,0.402107028668402,0.439749116327687,0.432303522630254
159441,0.355163447465132,-0.00558445959976299,0.335320067865254,0.335994557342485,0.335290881790996,0.336017686273865,0.335320067865254,0.335994557342485
159744,0.36827448755411,-0.00493400986783579,0.318279048738765,0.326333733088353,0.318370664773436,0.32639034547186,0.351034391207841,0.339885137315728
160729,0.376862048309563,-0.00410261981978635,0.344186464255572,0.352553584057968,0.344035306502835,0.352613789357801,0.344186464255572,0.352553584057968
160830,0.418492797226581,-0.00481384245618498,0.323947398551063,0.349889062390372,0.356664053286009,0.359146675036013,0.391852904206231,0.388966610624559
161630,0.37002849683269,-0.00541611663519658,0.330152024121312,0.348343252173121,0.330260025496937,0.348579658664397,0.330152024121312,0.348343252173121
162228,0.36911915971928,-0.00486354354383739,0.307110478442609,0.315123555244672,0.307076492109569,0.3155825952023,0.346910267739919,0.340732983369392
162733,0.343715716581447,-0.0061666811278305,0.248585441051863,0.263125398205991,0.295843109212565,0.294392194103726,0.326526564861943,0.319419719433163
163331,0.287359931777464,-0.00493745622547686,0.281237819074931,0.280741489658678,0.281332103180491,0.280771450667967,0.281237819074931,0.280741489658678
163432,0.461091944852597,-0.00376803408684325,0.359912918529684,0.387617158498175,0.359348424916107,0.387808456885968,0.419213679379366,0.423333886005277
164030,0.382749189058276,-0.0047505635755122,0.337178722654066,0.355569948754151,0.337111354588295,0.355727269206887,0.337178722654066,0.355569948754151
164131,0.381175329757245,-0.00494103646148532,0.290197308274386,0.321196249695867,0.290379716993311,0.321190219123766,0.351191540998637,0.351721136664471
164636,0.44272460549386,-0.00483814530192894,0.400717771732175,0.407265912088516,0.400586848592606,0.406968448971367,0.400717771732175,0.407265912088516
164939,0.380938364799234,-0.00451282940203832,0.317284972476888,0.34606905566308,0.317097095680397,0.345943707445265,0.345384847941158,0.352621913416902
167036,0.351939187359046,-0.00534882364334785,0.333520331857239,0.335295661146726,0.333462463937332,0.335164277185377,0.333520331857239,0.335295661146726
167238,0.38344269755289,-0.00411081027373069,0.341489673331023,0.353846870982886,0.341765902969477,0.354057307886885,0.341489673331023,0.353846870982886
167440,0.344710073746788,-0.00501677831710845,0.318608442041332,0.320521946068338,0.318709745963439,0.320440802256851,0.318608442041332,0.320521946068338
167743,0.404558912920811,-0.00482235430495917,0.366373717876376,0.369252260978439,0.366852944527995,0.369129367977404,0.386053774125765,0.37699839054739
168139,0.369903453914308,-0.00568648942496998,0.352443585342533,0.359702349207039,0.35226643028344,0.359632569195436,0.352443585342533,0.359702349207039
168341,0.487176817662423,-0.00386467671925082,0.357582062130719,0.390987852048825,0.38815254096557,0.40848510726866,0.445952264836458,0.447208033303604
168745,0.507024611172759,-0.00389948488093764,0.361633159850639,0.40001697133363,0.42428215657874,0.422884231603909,0.470143916908088,0.465163632003523
168947,0.448855301812582,-0.00376727097871242,0.370902982838626,0.387155703510172,0.370882582989615,0.387266082434748,0.414540075391759,0.409755227437627
169444,0.330562121806491,-0.00537442918706995,0.292108879959634,0.309461235323866,0.29224697043609,0.309564968843421,0.292108879959634,0.309461235323866
169545,0.49565231111113,-0.00401348097777771,0.349825769448898,0.379926895973346,0.404138655288902,0.412840590684459,0.45576927748446,0.454669064817794
169949,0.467989312755332,-0.00431698729186345,0.373497289930716,0.388152176893816,0.373157064414603,0.388255901585113,0.430100634978617,0.426027467804929
171532,0.355944796036948,-0.00560046474783067,0.323112940532404,0.338151758881785,0.323291283228405,0.338106586659751,0.323112940532404,0.338151758881785
172029,0.407417205562615,-0.00460783555468178,0.349619796709616,0.359877804596344,0.349614661860019,0.360083178756042,0.382319778942433,0.376884341120724
172332,0.477458985366777,-0.00303337073864003,0.407536278069067,0.426804684738517,0.406936225501195,0.426536338350235,0.422407757803764,0.438197401616285
172433,0.442628559144144,-0.00469091982130276,0.368565178077222,0.380372046470712,0.368849521837032,0.380543497744152,0.404590400623455,0.405702162356495
172534,0.324764372317698,-0.00452805407251126,0.28304793399501,0.28575000998191,0.283097424993834,0.286004227247237,0.308226239895355,0.301598151044334
172938,0.652556348492022,-0.00315594204040419,0.445681857954275,0.482350518473677,0.531711529342377,0.534029579603757,0.605155372755258,0.592460146699554
173435,0.268866089000521,-0.00560077811770061,0.247409028725081,0.256654957345131,0.247678154366438,0.256487597334008,0.247409028725081,0.256654957345131
173536,0.493567571043968,-0.003843381986022,0.404592839702964,0.416597040243447,0.404106514103711,0.416728263750672,0.459013899281621,0.45136586368829
173637,0.437816517389915,-0.00373303947498415,0.368906484081189,0.376643033725135,0.368507817497783,0.376507746624526,0.405383744481764,0.401841369956589
173738,0.415842412163262,-0.00488791400217867,0.378466894138224,0.395346902982159,0.378297656298993,0.395204412837945,0.378466894138224,0.395346902982159
173940,0.492598957189441,-0.00389731866106909,0.379225612477103,0.42024275861229,0.379074508848108,0.420367288366284,0.449261780257887,0.453473149035612
174841,0.327822661901685,-0.00527306150952797,0.28998558882591,0.299654315545509,0.290117463698205,0.299932526898149,0.301572548458227,0.304376483875347
175338,0.433348034537481,-0.00426467724046993,0.362072103914907,0.375649037029518,0.36218646458412,0.375855604688974,0.402576412359194,0.397631635084977
175742,0.533183088361398,-0.00317469926746215,0.413231159335283,0.441079906461984,0.429195105773402,0.44422610645939,0.491749994883908,0.488122048930016
176542,0.401068085841979,-0.00456088084555357,0.30529453898924,0.334320712820106,0.307760048141461,0.335598087088384,0.36763411538089,0.368033603048507
177241,0.43555735036864,-0.00426144777432876,0.386012489294666,0.391885727170637,0.38628042219475,0.391598223569633,0.404279946823012,0.400583026723302
177645,0.440295979882137,-0.00553404130255466,0.316502873772323,0.367825420552862,0.317051482291517,0.367732744189883,0.400874229522957,0.403852165979155
178142,0.379440674591842,-0.00529869280110921,0.328494622834531,0.345413205244948,0.328134844338247,0.34512519823704,0.344412085948506,0.351991643251102
178849,0.448197182842226,-0.00404010677132888,0.4073571668846,0.414852332591224,0.407411483118601,0.414518410053745,0.4073571668846,0.414852332591224
178950,0.603930807243566,-0.00303369651563821,0.437593783276631,0.476450837243678,0.493122287609548,0.501221130031956,0.561548560301824,0.55177557633726
179245,0.418083729730087,-0.00435580944675339,0.359833024739842,0.372546728371307,0.359783994634947,0.372724705735024,0.376044288822173,0.382885336992867
180129,0.368597544188369,-0.00507697894178432,0.322726930757466,0.344665757146093,0.323056996461025,0.344543931163624,0.322726930757466,0.344665757146093
180230,0.457978266681343,-0.00432877183641138,0.329701533086876,0.373974146114507,0.339165797203873,0.37874719168141,0.419139056749779,0.418290205054211
180432,0.449484309233313,-0.00442156247003037,0.353659573967714,0.379886997996699,0.353911910266931,0.379904719132614,0.400868968607814,0.412820773701319
180533,0.432799276428807,-0.00477828497850948,0.383640353053103,0.397662290105924,0.383509239214001,0.398219553969914,0.388823019921831,0.399329445135148
180735,0.469460620980049,-0.0042897925403966,0.411081607116896,0.412361986837191,0.410792439416456,0.412422880440617,0.446407495574714,0.431879939970728
180836,0.415064155268022,-0.00410364830275301,0.340758472648733,0.362451301490073,0.340841615163235,0.362407347975,0.380155570284756,0.381946940784194
181232,0.402713684900047,-0.0040432730494684,0.374267100908601,0.386316347613341,0.374076112471564,0.386282215377813,0.374267100908601,0.386316347613341
182739,0.430277731998328,-0.00443333741456212,0.373039316842309,0.384842062242445,0.373360558990789,0.384691273673234,0.387688421570966,0.395831274179377
185038,0.461264436357905,-0.00407845201232856,0.369491016337088,0.396873791819088,0.369867293063834,0.396765228504907,0.423597866186562,0.423193495737145
185341,0.45578374004512,-0.00388418770571899,0.36897126510873,0.392096316835564,0.368755648983369,0.392283902081093,0.417478976319107,0.42074114438256
185442,0.472940414377363,-0.00383760021261649,0.4222968640589,0.441147975866811,0.422501497644268,0.441466483940343,0.4222968640589,0.441147975866811
186040,0.456738106793569,-0.00390029871766667,0.361144401907959,0.381683848896653,0.361163907215525,0.382001011010434,0.422724820667273,0.417979105803702
186141,0.413219684454705,-0.00494276027245424,0.354161895646369,0.371438693821129,0.354614226800482,0.37150082184059,0.379123316212174,0.382263461053885
186444,0.360912811334138,-0.00463617056658481,0.335867342138773,0.338590867232902,0.336048676564845,0.338513509401638,0.335867342138773,0.338590867232902
187143,0.433756565481856,-0.00465596257349509,0.370159474057521,0.389946829965831,0.3702877946932,0.389454190473778,0.387727222404068,0.3988137629151
188145,0.669479533990292,-0.00305704919744815,0.460111838268622,0.503234139023477,0.547950540225882,0.549889272533269,0.623110622354526,0.608383491224144
189349,0.389892053251316,-0.00477273866162991,0.350177833411557,0.353169477789972,0.350049041935697,0.353288871261922,0.360188351714995,0.3598931904516
189450,0.460258379858703,-0.0033441867451358,0.429219458778255,0.421624738685073,0.429214981312968,0.421692287243239,0.429909125132614,0.422613691409367
190031,0.482554793746832,-0.00373129043923165,0.415287253245608,0.422831801209251,0.414881949376226,0.422570607594117,0.451133571395116,0.442581587723721
191033,0.451157541298341,-0.00443023549403282,0.368714002687227,0.397686459360822,0.368857320418492,0.397942330658996,0.408204029961701,0.413894127415148
192035,0.636045953448584,-0.0026396417823144,0.465511200775975,0.494969897975599,0.515764220131945,0.522810724879954,0.590036307989874,0.579958235718267
192136,0.412228087891997,-0.0052965588861249,0.329782540792859,0.355235145104628,0.330009561169448,0.355078675945918,0.378231688355048,0.378422768267729
192641,0.43312614965356,-0.00503838490246091,0.339152528973213,0.361521635302395,0.338846216003341,0.361142380867959,0.38971551020714,0.395967045571745
194746,0.475393882189489,-0.00349626913056017,0.388768947509402,0.417111760282421,0.388729630894791,0.417041089135337,0.429692429751537,0.435120923853706
195041,0.634482515495867,-0.00290422930655989,0.408235707425103,0.451603620867769,0.523291865005165,0.520790507024793,0.592797313190857,0.576316507722108
196144,0.533793553705968,-0.00379814717072641,0.455645102820908,0.461155756490099,0.455647449349484,0.461160134962026,0.49705368193055,0.490846354882855
196346,0.49511546875851,-0.00306909459660139,0.440954949307418,0.445229388280655,0.4411276079899,0.445373237539413,0.460187957505226,0.455690486540956
196750,0.331802155162734,-0.00535274895554906,0.285931088952406,0.294607906774333,0.286056332489164,0.29452355517621,0.318601588267336,0.308422476696392
197550,0.533011774575621,-0.00341275246005891,0.378502471022705,0.430283651906291,0.41683325224833,0.442494859085155,0.490149108297436,0.486913245839438
198249,0.338948609148295,-0.00506545133260872,0.310958829275747,0.32194595663769,0.311013402539857,0.321660355223426,0.310958829275747,0.32194595663769
198451,0.38444364822547,-0.00526223396583295,0.280164208454807,0.324853507415258,0.289437936317248,0.327799861865019,0.353869819145518,0.355757680522914
198855,0.437617977401389,-0.00458479768480821,0.386679459601949,0.404849998317215,0.386844493230106,0.404979718514576,0.386679459601949,0.404849998317215
199352,0.440384131883009,-0.00379686871918393,0.368176223930134,0.399981926523381,0.368197253701672,0.400124106590377,0.380274096623875,0.403862039037966
199655,0.546023698772593,-0.00364095536730432,0.385888079448074,0.408407770545227,0.444785903518852,0.448423216241398,0.508549461410845,0.496329411551611
199958,0.386396025732767,-0.00501724016974497,0.350248278395524,0.35516910929005,0.350199770847421,0.355148265555191,0.355900234280166,0.357827173591438
200513,0.370512558681605,-0.0045444634104499,0.342661215417329,0.351323022034872,0.342658921279499,0.351421618795538,0.342661215417329,0.351323022034872
200614,0.598620973039491,-0.00368926983220619,0.379222146231118,0.427043242531329,0.485173918187029,0.490935191782682,0.557981727068344,0.544843397205979
200917,0.320335493848401,-0.00508636401912484,0.304233166342116,0.310133164297656,0.304320649328566,0.309977413474811,0.304233166342116,0.310133164297656
201414,0.400200089722139,-0.00394266246091373,0.373169768347077,0.376222449534645,0.373233404607389,0.376073354772158,0.373169768347077,0.376222449534645
201818,0.460163921928672,-0.00350928329359146,0.403780989054569,0.418485381800498,0.403739570366841,0.418405078735293,0.408325814184543,0.420403922480265
202113,0.361694360847264,-0.00453184037392948,0.344127650972117,0.342987457172636,0.344271896818463,0.342904782553178,0.344127650972117,0.342987457172636
204016,0.341350134641341,-0.00484876298908989,0.318627340426479,0.313317144808809,0.318417730033614,0.313288536782611,0.321588411553312,0.316314397769062
204218,0.429815148081366,-0.00370332192267066,0.39707813427689,0.40074889843601,0.397118538040621,0.400775145193558,0.39707813427689,0.40074889843601
204420,0.436884190129339,-0.00461762496810071,0.368187984319447,0.39306364229809,0.36797427386484,0.393495000741368,0.390744536573529,0.403476248960099
205119,0.382930964418467,-0.00523338727734145,0.32026659294186,0.337318774885358,0.320879253787833,0.33728547362361,0.355205123744526,0.355108812972855
206323,0.429698930448755,-0.00351037356840948,0.372507882153611,0.38840556504856,0.3721569765304,0.388378929090564,0.381342823638325,0.394512458254555
206727,0.330407318023817,-0.00579150177659934,0.307907482210436,0.313222408590296,0.307912416506189,0.313286383195709,0.307907482210436,0.313222408590296
208125,0.430316691159232,-0.00465462005991101,0.329328204246342,0.356370006455987,0.339163298165884,0.359789132766469,0.393301630391148,0.395193360370748
208226,0.426607495711775,-0.00477088006247736,0.366153653065164,0.376895398286218,0.366056058820195,0.376834285938831,0.394535553229836,0.39389361129816
208327,0.328141316938021,-0.00511947150456439,0.307001789297433,0.307011278091137,0.307177231178877,0.306488284973466,0.307001789297433,0.307011278091137
209329,0.397871965134636,-0.00501056729956802,0.324967780471866,0.355160006427121,0.324865741410216,0.354726473178629,0.351290852018863,0.365386924109754
210011,0.462120834006164,-0.0033771236965594,0.435976027281528,0.439420678082636,0.436218202218609,0.439363313222069,0.435976027281528,0.439420678082636
210112,0.449332508371339,-0.00449387856521004,0.3304617812816,0.360146024970542,0.371924500027661,0.374610537873024,0.423579134786845,0.410910437721054
211114,0.323563216189473,-0.00524918180599444,0.299927960777555,0.306458618481279,0.299723864304638,0.306259393431006,0.299927960777555,0.306458618481279
212217,0.343555799243744,-0.00521528462280259,0.288853766896341,0.310831337000508,0.288608392604197,0.311174709021599,0.315457905180758,0.320598909837598
212318,0.584595479766646,-0.00330224889725899,0.4685122021375,0.497019180727999,0.468842763412769,0.497515274945446,0.537889136202031,0.533104708377085
213017,0.349636919986516,-0.00629958766690725,0.26149969480005,0.288267420901549,0.294206589473902,0.300646374107833,0.331099858380146,0.32575410714206
213421,0.430709572326508,-0.00389237528523601,0.382394290279699,0.388990348348929,0.382055021834683,0.389065974183573,0.395029491608561,0.395418806611282
213522,0.445106618818607,-0.00399581380821407,0.372705229904667,0.404194545774166,0.3723254149055,0.404008110863639,0.385904855228041,0.410170563005803
214221,0.489403294384508,-0.00437432198130371,0.386511408497839,0.411058985643047,0.386775668027971,0.411230101951662,0.451406110759565,0.447434147563409
214423,0.424302220241096,-0.00455432603891626,0.297778997086802,0.337322472375542,0.338277354366324,0.35290924845573,0.399213029587295,0.388637479082127
219231,0.33733849677078,-0.00512755433906304,0.294337706250343,0.30462676882779,0.294623396448509,0.304493851682844,0.314018637962092,0.313559743798863
220721,0.486615795709549,-0.00420261160400673,0.409353609589597,0.425758495609682,0.409076091228172,0.425556023614085,0.443461148010221,0.44462453182966
221319,0.436483668973308,-0.00366570580598365,0.383427488505504,0.395083507685157,0.38358777948847,0.395133956344953,0.392789025952913,0.398967614439032
227432,0.441998959169358,-0.00482433497508441,0.390187883964103,0.401554935320803,0.390399736001284,0.401592124388993,0.400819603257242,0.409221375043908
239944,0.471110620888105,-0.00411586971292687,0.414114092264235,0.416242761032904,0.413987495402981,0.41637325537164,0.436526438559041,0.431942209158933
257946,0.44508751498922,-0.00366199981895999,0.400202078492718,0.401617946419775,0.400333029220719,0.401673295010766,0.409763848846231,0.409742539350231
263436,0.308935234179019,-0.00629393890772112,0.265072131452024,0.27820440929231,0.264998912370096,0.278040949045265,0.28446872920527,0.287544486422095
268749,0.384488775650985,-0.00475194957205068,0.288062722218295,0.313484268356592,0.302682606803586,0.31892740363402,0.355988284855955,0.351809267072083
274542,0.430775640410259,-0.00439081739223605,0.34081634735473,0.351658721703225,0.351650160257728,0.360215656796319,0.396936266938213,0.395382712368344
275645,0.346158076522339,-0.00496720996346929,0.333190223065649,0.337918424044678,0.33331053183265,0.338065042462722,0.333190223065649,0.337918424044678
281135,0.434954601691017,-0.00424172098265534,0.400881434679896,0.412439510671565,0.401051498887485,0.412295782336186,0.400881434679896,0.412439510671565
285446,0.468042482001723,-0.00376852746057382,0.432501521980356,0.435973287902001,0.432653134213113,0.435914707882819,0.432501521980356,0.435973287902001
286347,0.420778615640758,-0.00385907439880408,0.369683708433145,0.38466781905529,0.369992412300691,0.384857230253142,0.371662349144775,0.385846140503302
286650,0.507525749429096,-0.00388470566162743,0.363916494535094,0.392181254507088,0.424170049064961,0.421316734949784,0.482739710368011,0.468494078111355
287248,0.421139372172572,-0.00440313672587986,0.344552248074533,0.35882423495712,0.344684859268582,0.358995384643131,0.390038531522447,0.387340326365419
295146,0.340272083031156,-0.00525803321661292,0.307863215586243,0.328101944627618,0.308258935509116,0.328041668434668,0.307863215586243,0.328101944627618
298051,0.375513759919382,-0.00429205465380851,0.322165079575833,0.342339418947338,0.321915468863412,0.342728305818156,0.331051324478943,0.348750587528232
299760,0.409671802920027,-0.00401282689182183,0.3319397875249,0.351640996287682,0.331872600784642,0.351903651130849,0.376912757732888,0.375488702217032
303119,0.45261803096065,-0.00440668760707159,0.377305169040491,0.392500125375641,0.377338910952593,0.392446870039278,0.412939427759563,0.417717995863386
308331,0.365128798604699,-0.00539106197462471,0.310839769830035,0.336334777688863,0.311658201648372,0.336118330727404,0.32801935405766,0.340753840703123
309636,0.368796637268119,-0.00453810616046778,0.338683074275695,0.340020832171582,0.338526706348178,0.34007671990477,0.338683074275695,0.340020832171582
310621,0.499433935358875,-0.0039772419331685,0.363473316000246,0.395316492397008,0.400203005766692,0.412860281662977,0.469228316463059,0.455083652263207
314225,0.385593924103881,-0.00513327139147995,0.291336027153699,0.324175402445345,0.299968661032693,0.329679108005379,0.359310066031782,0.357045453422894
316633,0.432260557125126,-0.00379715786957124,0.380879772680864,0.39270079050831,0.381039002659453,0.392656912811987,0.392430054689907,0.398069568160832
318637,0.3957136549243,-0.00526290927708367,0.31219646945524,0.347463200537009,0.312591645014064,0.347436418341414,0.347495023787619,0.364822883378474
321323,0.439240834584234,-0.00440658764688949,0.372823345381732,0.390504326883422,0.373085012532818,0.390636911420752,0.39614515883478,0.402260162595546
329844,0.451604057111363,-0.00457846096348709,0.34314953398341,0.367577912803284,0.369073555973696,0.377110391006896,0.422715601356914,0.414336805778439
348545,0.524202688145646,-0.00345808977490441,0.405137059239413,0.425408324873586,0.423100939482182,0.432636689333678,0.484444407077952,0.480415794313539
349244,0.469324372980258,-0.00414111832720056,0.405515475745323,0.419344153093728,0.405045506254148,0.419297948652766,0.428281452789142,0.434271369027429
350330,0.419247065188022,-0.00431443379692741,0.359102564669436,0.379240734695417,0.359481391276232,0.379345931929286,0.372874681174651,0.385275562840424
358144,0.438714726188598,-0.00472082751667057,0.363975262503088,0.380808508760967,0.363424946834935,0.381018748782894,0.41032507021347,0.403105720315986
361234,0.378059061551438,-0.00517868811168904,0.317052062409877,0.342935841781727,0.316897568227052,0.3430403488523,0.325850414673104,0.348294446261942
361941,0.375196119615522,-0.00549000674617297,0.300560820897117,0.321424621057316,0.300999462477751,0.321473707369171,0.347700992363831,0.348444101619794
368753,0.520251130259256,-0.00373248230290971,0.419735609033625,0.442373982721157,0.419403503067123,0.44168082733565,0.482049683994917,0.477784098317361
378756,0.51274622580664,-0.00321467670439415,0.369893346413554,0.403976787024574,0.414003974586212,0.426129905038472,0.472430672700256,0.46759539904041
381543,0.389853627965342,-0.00508579544028036,0.347208957713525,0.358274310312183,0.346768949912664,0.358579307018592,0.350518477797587,0.360714229095063
385046,0.383113597652432,-0.00465166682607476,0.318902298428376,0.339598109476786,0.31881332332454,0.340033856117514,0.345617869326685,0.349433789257658
387959,0.358969961759905,-0.0060199985975145,0.321752121414235,0.323918627691976,0.322150265144092,0.323752389868413,0.33641481606932,0.336535427590182
391748,0.460700542565597,-0.00440125584144881,0.346465938712701,0.372510268783678,0.367781265230778,0.384648462101977,0.427217588259804,0.422281702876023
395756,0.497213689927092,-0.00336913586441666,0.401725486246476,0.435681900521034,0.401789739751064,0.435507294363972,0.448175228193332,0.454328864014648
397760,0.562937725494131,-0.00337923415016951,0.408007438774344,0.433000153078749,0.463246172481115,0.464477128554851,0.52458946347754,0.51267551319236
414229,0.444327319077996,-0.0049410316006457,0.338265716509526,0.38708641130778,0.338006058614551,0.386295611053192,0.387364187080863,0.41015391849184
419239,0.351710597516435,-0.00542952506062818,0.30509705852447,0.318978031497443,0.305161041180424,0.319321181966399,0.324196616368152,0.329236164768444
422632,0.3598161676145,-0.00433994117939694,0.319269677815482,0.317178883770069,0.319393111797111,0.317107506270881,0.337245567730753,0.331979931177407
453542,0.271624671667785,-0.00748896169653961,0.271624671667785,0.260272389120385,0.271624671667785,0.26002940011235,0.271624671667785,0.260272389120385
459453,0.494438723925921,-0.00360949852721736,0.401755170213467,0.419061530889769,0.401854695009691,0.418728338932983,0.454865695912063,0.453000967754384
461743,0.42834270055563,-0.00462757173933303,0.366001107700733,0.382530628268823,0.366109076619998,0.382355340685392,0.385737892768119,0.394546130720803
465852,0.362956176416495,-0.00400373555436399,0.313128092642558,0.312170405162831,0.31304340121345,0.312024438723673,0.344243230281814,0.339702460332028
468050,0.345846398013992,-0.00510033337155371,0.330944306862439,0.333731307212158,0.331544302912935,0.333799275179474,0.330944306862439,0.333731307212158
480141,0.337147354750292,-0.00515307413632604,0.300702425269574,0.30534275486993,0.300631491376905,0.305229273032201,0.313013102154137,0.312831321359028
499566,0.428249138877508,-0.00393266426494299,0.38078845763986,0.40018214679976,0.380673883424021,0.400435175222523,0.38078845763986,0.40018214679976
510225,0.341665574848527,-0.00521295074219292,0.313648977150992,0.325699035814616,0.313930551078312,0.32551907176528,0.313648977150992,0.325699035814616
516742,0.403385668407942,-0.00477860965762798,0.292109026344386,0.316133820124711,0.3320766100319,0.340282928140018,0.377929093995738,0.372158676428855
518746,0.479838351013857,-0.00477776801439256,0.335924814963465,0.368757699125428,0.401661417750369,0.39773578843057,0.451803482229541,0.440487245279105
529549,0.391777229709437,-0.00465765363906957,0.355887566870605,0.359848317540613,0.355635604166473,0.359842033555634,0.355887566870605,0.359848317540613
529953,0.363099385966209,-0.00459904439577268,0.344326404143642,0.348522897807484,0.344456537732051,0.348559459023315,0.344326404143642,0.348522897807484
552241,0.391417156237053,-0.00493614524747495,0.329855362578985,0.345501430237449,0.330196741170939,0.345909556710783,0.363365029676157,0.3600243647612
552544,0.500033116432536,-0.00370045761459186,0.421586870398188,0.460394753879747,0.422768691232474,0.460180468205574,0.421586870398188,0.460394753879747
553344,0.39889441253483,-0.00466358420373553,0.315060908361374,0.332622102991095,0.320576801053238,0.334891629021843,0.367490521910154,0.36681410518841
555651,0.403764148788713,-0.00458531323214074,0.340375692623451,0.353028900282722,0.340579453869172,0.353153274559721,0.374006795319808,0.371768266214663
555954,0.484937752960232,-0.00393616700999194,0.376413123298413,0.397124307454772,0.395031760459917,0.404384689920063,0.453361852948541,0.445896560871549
561444,0.350055024513149,-0.0053725997096162,0.290130438966569,0.313783830738337,0.289991185155954,0.313579018227332,0.320156744139104,0.323837721389496
561949,0.361677148079726,-0.00445156996384058,0.327080501892278,0.338800679585069,0.327128144446794,0.338993786333409,0.327080501892278,0.338800679585069
567759,0.366716713954336,-0.0048881324450347,0.33906854543485,0.343051001937151,0.339181687531956,0.343042990883087,0.33906854543485,0.343051001937151
571144,0.503601456444263,-0.00494866115046988,0.367767156357082,0.41017175841196,0.379743473709963,0.4167843140902,0.471300404792896,0.461458410866919
576255,0.468297035615943,-0.00422235860263148,0.392514291202727,0.409595915017974,0.393467737331713,0.409378349116251,0.435021145906908,0.431706693036224
579665,0.408170149519399,-0.00488964115343534,0.290482206657173,0.335788833730864,0.311154375382698,0.34538943707725,0.381208195158418,0.377641772392309
580751,0.364793304092875,-0.00510382208698553,0.307441077127054,0.331900332567423,0.307345785174563,0.332072927112306,0.321531522252699,0.338112898895246
589567,0.415365204547321,-0.0045760809926492,0.325792121432955,0.355353130431547,0.326053542634006,0.354943048608002,0.382492802476748,0.380905773334357
592455,0.504686862154104,-0.00414440925963096,0.384314037919263,0.416987042538471,0.399250652558687,0.421791023530159,0.463218553555451,0.463048370645578
599671,0.432003456122737,-0.00385980088716181,0.387330676902105,0.392595444254176,0.387361468339879,0.392597587333052,0.398425645216802,0.396718613784743
618952,0.360798869308084,-0.00413791899444089,0.327550127451935,0.330346027848461,0.327589580317445,0.330385151423204,0.330821896958183,0.33293157460946
622236,0.407718106800526,-0.00483920428244062,0.347938147499721,0.367128605797798,0.348113882727265,0.367021462632201,0.378427291197665,0.379632914849918
656253,0.432104074217432,-0.00431840866036536,0.386211416958632,0.401008730657143,0.385609530017854,0.401379651537663,0.386211416958632,0.401008730657143
672756,0.384001375011523,-0.00504001475899079,0.337290926647649,0.349363305376731,0.337146552112875,0.349480168591676,0.351172338398573,0.357668208299218
675661,0.486556890444937,-0.00432335016178556,0.410653982847638,0.425946538280478,0.410315800059206,0.426161009960296,0.445034724902777,0.445203948726639
679568,0.423832439971703,-0.00452206788700254,0.341816674235737,0.368842368651258,0.341590952151552,0.368669427452637,0.382776473735496,0.387141150038172
680250,0.439329555758561,-0.00381946776594511,0.379798893222982,0.395837667138174,0.379965134439721,0.396370013009218,0.392157990760129,0.404844374983649
680452,0.43739275661966,-0.00424533874594785,0.376195759442349,0.390625789971733,0.375852867040938,0.390489503792036,0.396662799029711,0.401081915595144
692964,0.440574589302882,-0.00447691154862858,0.322202513568542,0.360774773603619,0.349855227926106,0.370344496994459,0.411249387427248,0.406089237627156
725751,0.381959872573841,-0.00500528290581966,0.346157256366334,0.348257596234034,0.346385841810327,0.348211247772134,0.353494662674083,0.354623450139944
727553,0.363836503266785,-0.00478823681616741,0.347932582237214,0.342284881470323,0.347931932376668,0.342796526808247,0.347932582237214,0.342284881470323
749361,0.431185414843914,-0.00402376152283628,0.373714579516017,0.390511472610279,0.374143432643356,0.390095274148039,0.388877135943823,0.394964803798137
756055,0.402897509139755,-0.00412519997234936,0.351532187033727,0.364183833447987,0.351465336067294,0.363805522522594,0.369043999856449,0.372654892793727
757764,0.396006143576255,-0.00476649280902305,0.38036108033805,0.379726069634332,0.380187398816522,0.379819098167747,0.38036108033805,0.379726069634332
835657,0.391723796857212,-0.00428138039718915,0.280041887521149,0.305471625184032,0.324108503230967,0.325408585224097,0.359380481501335,0.358154334718048
837560,0.495250957094265,-0.00405617435144102,0.337642338579859,0.376609696125823,0.397602267491567,0.406617098903026,0.462367217851139,0.4516240499131
865363,0.443413405690547,-0.00393541156561665,0.381200021715918,0.395847146664449,0.381150596378829,0.396153634010162,0.408489961721261,0.410046391340918
877269,0.56529029584854,-0.00302886711467134,0.409002988626226,0.459064788728272,0.436107069110007,0.468730821685047,0.514049135136091,0.5160711871391
894067,0.390148564150783,-0.00468079945326972,0.326201346669608,0.334347866541568,0.326294717362874,0.334643908233684,0.363631061368644,0.359649145206244
943862,0.462682311137018,-0.00323964169126838,0.411220398209182,0.419952047803313,0.411298910413795,0.419749571938295,0.416491051291599,0.423020503726637
947668,0.369402322470807,-0.00432998081021739,0.346604692067331,0.352557548672412,0.346422682276021,0.352589719192145,0.346604692067331,0.352557548672412
955465,0.431751076793307,-0.00423313841088044,0.333683150079747,0.364718444412669,0.334282297261002,0.364388784730106,0.403623375820149,0.397726233502914
